noncoffee/guaxupe.T6848.B6912.L6080.R6144.jpg,noncoffee
noncoffee/guaranesia.T3136.B3200.L3520.R3584.jpg,noncoffee
coffee/montesanto.T6528.B6592.L4608.R4672.jpg,coffee
noncoffee/arceburgo.T4864.B4928.L3264.R3328.jpg,noncoffee
noncoffee/guaranesia.T3584.B3648.L3648.R3712.jpg,noncoffee
coffee/montesanto.T4992.B5056.L7360.R7424.jpg,coffee
noncoffee/montesanto.T11392.B11456.L4352.R4416.jpg,noncoffee
noncoffee/guaranesia.T2560.B2624.L3264.R3328.jpg,noncoffee
noncoffee/guaranesia.T3008.B3072.L3008.R3072.jpg,noncoffee
noncoffee/guaranesia.T7488.B7552.L2112.R2176.jpg,noncoffee
coffee/montesanto.T8064.B8128.L4608.R4672.jpg,coffee
coffee/guaranesia.T4288.B4352.L2176.R2240.jpg,coffee
noncoffee/guaranesia.T2368.B2432.L4544.R4608.jpg,noncoffee
coffee/guaxupe.T1280.B1344.L1984.R2048.jpg,coffee
coffee/guaranesia.T5568.B5632.L3648.R3712.jpg,coffee
coffee/montesanto.T4928.B4992.L7360.R7424.jpg,coffee
noncoffee/montesanto.T9664.B9728.L8768.R8832.jpg,noncoffee
noncoffee/montesanto.T4160.B4224.L9024.R9088.jpg,noncoffee
coffee/guaranesia.T4224.B4288.L6784.R6848.jpg,coffee
coffee/montesanto.T5888.B5952.L10176.R10240.jpg,coffee
coffee/guaranesia.T7040.B7104.L4736.R4800.jpg,coffee
noncoffee/montesanto.T8960.B9024.L9024.R9088.jpg,noncoffee
coffee/arceburgo.T4352.B4416.L4032.R4096.jpg,coffee
noncoffee/guaranesia.T9216.B9280.L1728.R1792.jpg,noncoffee
noncoffee/montesanto.T4160.B4224.L7040.R7104.jpg,noncoffee
noncoffee/guaxupe.T8320.B8384.L2176.R2240.jpg,noncoffee
coffee/guaxupe.T576.B640.L5824.R5888.jpg,coffee
noncoffee/montesanto.T3840.B3904.L6912.R6976.jpg,noncoffee
noncoffee/guaxupe.T7104.B7168.L5120.R5184.jpg,noncoffee
coffee/guaxupe.T2048.B2112.L4224.R4288.jpg,coffee
coffee/montesanto.T9472.B9536.L4800.R4864.jpg,coffee
coffee/guaxupe.T9792.B9856.L2432.R2496.jpg,coffee
coffee/montesanto.T7872.B7936.L3328.R3392.jpg,coffee
coffee/guaranesia.T9984.B10048.L1536.R1600.jpg,coffee
coffee/montesanto.T7232.B7296.L8192.R8256.jpg,coffee
coffee/montesanto.T7680.B7744.L7936.R8000.jpg,coffee
coffee/guaranesia.T9216.B9280.L5056.R5120.jpg,coffee
noncoffee/guaranesia.T4288.B4352.L1664.R1728.jpg,noncoffee
coffee/montesanto.T4672.B4736.L10240.R10304.jpg,coffee
coffee/montesanto.T6912.B6976.L9024.R9088.jpg,coffee
noncoffee/montesanto.T3008.B3072.L6592.R6656.jpg,noncoffee
coffee/montesanto.T8512.B8576.L10112.R10176.jpg,coffee
noncoffee/guaxupe.T7744.B7808.L1216.R1280.jpg,noncoffee
noncoffee/arceburgo.T5376.B5440.L1728.R1792.jpg,noncoffee
noncoffee/guaranesia.T7552.B7616.L4480.R4544.jpg,noncoffee
noncoffee/guaranesia.T4864.B4928.L2304.R2368.jpg,noncoffee
coffee/guaxupe.T3072.B3136.L4544.R4608.jpg,coffee
coffee/guaxupe.T1408.B1472.L4032.R4096.jpg,coffee
coffee/guaranesia.T7616.B7680.L2944.R3008.jpg,coffee
noncoffee/guaranesia.T8064.B8128.L832.R896.jpg,noncoffee
coffee/guaranesia.T4544.B4608.L7488.R7552.jpg,coffee
coffee/guaxupe.T9920.B9984.L2560.R2624.jpg,coffee
coffee/arceburgo.T2048.B2112.L3648.R3712.jpg,coffee
coffee/guaxupe.T8576.B8640.L5248.R5312.jpg,coffee
coffee/guaranesia.T4992.B5056.L6464.R6528.jpg,coffee
noncoffee/montesanto.T5184.B5248.L10880.R10944.jpg,noncoffee
coffee/montesanto.T5056.B5120.L3136.R3200.jpg,coffee
noncoffee/montesanto.T3712.B3776.L9600.R9664.jpg,noncoffee
noncoffee/guaxupe.T5248.B5312.L1728.R1792.jpg,noncoffee
noncoffee/montesanto.T2112.B2176.L12736.R12800.jpg,noncoffee
coffee/guaxupe.T8448.B8512.L5312.R5376.jpg,coffee
noncoffee/montesanto.T7296.B7360.L5120.R5184.jpg,noncoffee
noncoffee/guaranesia.T1216.B1280.L5888.R5952.jpg,noncoffee
noncoffee/montesanto.T2944.B3008.L8768.R8832.jpg,noncoffee
coffee/guaranesia.T6400.B6464.L5376.R5440.jpg,coffee
coffee/montesanto.T7744.B7808.L8192.R8256.jpg,coffee
noncoffee/guaxupe.T7040.B7104.L2880.R2944.jpg,noncoffee
noncoffee/guaxupe.T7616.B7680.L64.R128.jpg,noncoffee
noncoffee/montesanto.T6784.B6848.L1664.R1728.jpg,noncoffee
coffee/montesanto.T7680.B7744.L8192.R8256.jpg,coffee
coffee/guaxupe.T2944.B3008.L2880.R2944.jpg,coffee
noncoffee/guaranesia.T6272.B6336.L4736.R4800.jpg,noncoffee
noncoffee/guaxupe.T5568.B5632.L1408.R1472.jpg,noncoffee
coffee/guaxupe.T4288.B4352.L2240.R2304.jpg,coffee
noncoffee/montesanto.T1600.B1664.L9920.R9984.jpg,noncoffee
noncoffee/montesanto.T3648.B3712.L7936.R8000.jpg,noncoffee
noncoffee/montesanto.T12352.B12416.L4480.R4544.jpg,noncoffee
coffee/guaxupe.T2304.B2368.L4992.R5056.jpg,coffee
noncoffee/montesanto.T2112.B2176.L10368.R10432.jpg,noncoffee
coffee/guaxupe.T2368.B2432.L5760.R5824.jpg,coffee
coffee/guaxupe.T4608.B4672.L1984.R2048.jpg,coffee
coffee/guaranesia.T2368.B2432.L5568.R5632.jpg,coffee
coffee/montesanto.T8128.B8192.L4608.R4672.jpg,coffee
noncoffee/montesanto.T7680.B7744.L3136.R3200.jpg,noncoffee
noncoffee/guaranesia.T6336.B6400.L4544.R4608.jpg,noncoffee
coffee/montesanto.T7040.B7104.L4032.R4096.jpg,coffee
coffee/montesanto.T8256.B8320.L4288.R4352.jpg,coffee
noncoffee/montesanto.T2880.B2944.L6848.R6912.jpg,noncoffee
noncoffee/montesanto.T6976.B7040.L6464.R6528.jpg,noncoffee
coffee/montesanto.T7936.B8000.L4928.R4992.jpg,coffee
coffee/guaxupe.T1152.B1216.L2048.R2112.jpg,coffee
coffee/montesanto.T7808.B7872.L4928.R4992.jpg,coffee
coffee/montesanto.T3136.B3200.L10816.R10880.jpg,coffee
coffee/montesanto.T8128.B8192.L3392.R3456.jpg,coffee
noncoffee/montesanto.T2560.B2624.L13184.R13248.jpg,noncoffee
noncoffee/guaranesia.T3648.B3712.L4352.R4416.jpg,noncoffee
noncoffee/guaxupe.T4736.B4800.L3072.R3136.jpg,noncoffee
coffee/guaranesia.T4672.B4736.L5504.R5568.jpg,coffee
noncoffee/arceburgo.T5568.B5632.L3584.R3648.jpg,noncoffee
coffee/montesanto.T4544.B4608.L1664.R1728.jpg,coffee
coffee/guaranesia.T2816.B2880.L2624.R2688.jpg,coffee
coffee/guaranesia.T4608.B4672.L5440.R5504.jpg,coffee
coffee/montesanto.T8192.B8256.L4544.R4608.jpg,coffee
noncoffee/montesanto.T4160.B4224.L9792.R9856.jpg,noncoffee
coffee/montesanto.T9216.B9280.L5888.R5952.jpg,coffee
noncoffee/guaranesia.T3456.B3520.L3776.R3840.jpg,noncoffee
coffee/montesanto.T5376.B5440.L576.R640.jpg,coffee
noncoffee/montesanto.T5376.B5440.L2816.R2880.jpg,noncoffee
noncoffee/montesanto.T3264.B3328.L13632.R13696.jpg,noncoffee
noncoffee/montesanto.T5760.B5824.L768.R832.jpg,noncoffee
noncoffee/montesanto.T9472.B9536.L7744.R7808.jpg,noncoffee
coffee/guaxupe.T4736.B4800.L1984.R2048.jpg,coffee
noncoffee/montesanto.T10432.B10496.L3840.R3904.jpg,noncoffee
coffee/montesanto.T4800.B4864.L1856.R1920.jpg,coffee
noncoffee/guaxupe.T8960.B9024.L1728.R1792.jpg,noncoffee
noncoffee/guaranesia.T10432.B10496.L320.R384.jpg,noncoffee
coffee/montesanto.T9728.B9792.L8704.R8768.jpg,coffee
noncoffee/guaxupe.T5696.B5760.L896.R960.jpg,noncoffee
noncoffee/guaranesia.T5824.B5888.L1920.R1984.jpg,noncoffee
noncoffee/guaranesia.T9216.B9280.L1216.R1280.jpg,noncoffee
coffee/guaranesia.T3392.B3456.L5120.R5184.jpg,coffee
noncoffee/arceburgo.T2560.B2624.L3648.R3712.jpg,noncoffee
noncoffee/guaxupe.T4160.B4224.L3008.R3072.jpg,noncoffee
coffee/guaxupe.T448.B512.L1536.R1600.jpg,coffee
coffee/guaranesia.T3008.B3072.L6208.R6272.jpg,coffee
coffee/montesanto.T7872.B7936.L5056.R5120.jpg,coffee
noncoffee/guaranesia.T3008.B3072.L6528.R6592.jpg,noncoffee
coffee/montesanto.T8064.B8128.L2752.R2816.jpg,coffee
coffee/montesanto.T7552.B7616.L10368.R10432.jpg,coffee
coffee/guaxupe.T8448.B8512.L5376.R5440.jpg,coffee
noncoffee/montesanto.T4096.B4160.L11648.R11712.jpg,noncoffee
coffee/guaranesia.T4864.B4928.L2752.R2816.jpg,coffee
coffee/guaxupe.T8000.B8064.L1472.R1536.jpg,coffee
coffee/montesanto.T8512.B8576.L6848.R6912.jpg,coffee
coffee/guaxupe.T9152.B9216.L2944.R3008.jpg,coffee
noncoffee/montesanto.T10880.B10944.L5184.R5248.jpg,noncoffee
coffee/montesanto.T8192.B8256.L3328.R3392.jpg,coffee
coffee/guaranesia.T4352.B4416.L2816.R2880.jpg,coffee
noncoffee/guaranesia.T1088.B1152.L5248.R5312.jpg,noncoffee
noncoffee/guaxupe.T6912.B6976.L768.R832.jpg,noncoffee
noncoffee/montesanto.T9280.B9344.L10688.R10752.jpg,noncoffee
noncoffee/montesanto.T2112.B2176.L9216.R9280.jpg,noncoffee
noncoffee/arceburgo.T5120.B5184.L1472.R1536.jpg,noncoffee
coffee/guaxupe.T1664.B1728.L2432.R2496.jpg,coffee
coffee/guaranesia.T3136.B3200.L6208.R6272.jpg,coffee
coffee/guaxupe.T8192.B8256.L1408.R1472.jpg,coffee
noncoffee/guaranesia.T8576.B8640.L4672.R4736.jpg,noncoffee
coffee/montesanto.T2688.B2752.L11136.R11200.jpg,coffee
noncoffee/guaranesia.T5888.B5952.L4800.R4864.jpg,noncoffee
noncoffee/guaxupe.T1344.B1408.L5056.R5120.jpg,noncoffee
coffee/montesanto.T4864.B4928.L9792.R9856.jpg,coffee
noncoffee/montesanto.T4672.B4736.L2176.R2240.jpg,noncoffee
coffee/montesanto.T2688.B2752.L6272.R6336.jpg,coffee
noncoffee/guaranesia.T9728.B9792.L1280.R1344.jpg,noncoffee
noncoffee/arceburgo.T2752.B2816.L1600.R1664.jpg,noncoffee
coffee/guaranesia.T3520.B3584.L2560.R2624.jpg,coffee
noncoffee/montesanto.T5504.B5568.L2048.R2112.jpg,noncoffee
noncoffee/montesanto.T12544.B12608.L4480.R4544.jpg,noncoffee
noncoffee/arceburgo.T5632.B5696.L1408.R1472.jpg,noncoffee
coffee/guaranesia.T3328.B3392.L5504.R5568.jpg,coffee
noncoffee/arceburgo.T704.B768.L4800.R4864.jpg,noncoffee
noncoffee/montesanto.T1600.B1664.L11648.R11712.jpg,noncoffee
coffee/montesanto.T7936.B8000.L5056.R5120.jpg,coffee
noncoffee/arceburgo.T3584.B3648.L4096.R4160.jpg,noncoffee
coffee/montesanto.T8448.B8512.L4096.R4160.jpg,coffee
noncoffee/arceburgo.T768.B832.L2240.R2304.jpg,noncoffee
coffee/montesanto.T3712.B3776.L5248.R5312.jpg,coffee
noncoffee/guaranesia.T5312.B5376.L2944.R3008.jpg,noncoffee
noncoffee/guaranesia.T3200.B3264.L2688.R2752.jpg,noncoffee
coffee/montesanto.T2816.B2880.L11200.R11264.jpg,coffee
noncoffee/guaxupe.T5888.B5952.L2752.R2816.jpg,noncoffee
coffee/guaranesia.T4608.B4672.L5888.R5952.jpg,coffee
noncoffee/montesanto.T4352.B4416.L3904.R3968.jpg,noncoffee
noncoffee/montesanto.T7040.B7104.L8960.R9024.jpg,noncoffee
coffee/guaxupe.T2304.B2368.L4288.R4352.jpg,coffee
coffee/guaxupe.T1344.B1408.L1920.R1984.jpg,coffee
coffee/guaranesia.T2368.B2432.L2816.R2880.jpg,coffee
coffee/arceburgo.T4288.B4352.L4608.R4672.jpg,coffee
coffee/arceburgo.T1920.B1984.L4480.R4544.jpg,coffee
noncoffee/montesanto.T2304.B2368.L12608.R12672.jpg,noncoffee
coffee/guaxupe.T4160.B4224.L2624.R2688.jpg,coffee
coffee/montesanto.T9024.B9088.L9152.R9216.jpg,coffee
coffee/guaxupe.T5824.B5888.L5440.R5504.jpg,coffee
coffee/guaxupe.T4224.B4288.L4224.R4288.jpg,coffee
coffee/guaxupe.T2752.B2816.L5184.R5248.jpg,coffee
noncoffee/montesanto.T3968.B4032.L7168.R7232.jpg,noncoffee
coffee/guaxupe.T9088.B9152.L3008.R3072.jpg,coffee
noncoffee/montesanto.T5376.B5440.L11200.R11264.jpg,noncoffee
coffee/montesanto.T4992.B5056.L7872.R7936.jpg,coffee
coffee/montesanto.T7296.B7360.L5504.R5568.jpg,coffee
coffee/montesanto.T5184.B5248.L3264.R3328.jpg,coffee
noncoffee/guaranesia.T8448.B8512.L4992.R5056.jpg,noncoffee
coffee/montesanto.T7232.B7296.L5632.R5696.jpg,coffee
coffee/montesanto.T5568.B5632.L7872.R7936.jpg,coffee
noncoffee/montesanto.T2496.B2560.L9984.R10048.jpg,noncoffee
coffee/montesanto.T9600.B9664.L5056.R5120.jpg,coffee
noncoffee/montesanto.T3840.B3904.L7360.R7424.jpg,noncoffee
noncoffee/montesanto.T1856.B1920.L12032.R12096.jpg,noncoffee
noncoffee/montesanto.T5632.B5696.L12032.R12096.jpg,noncoffee
coffee/guaxupe.T5248.B5312.L832.R896.jpg,coffee
coffee/guaranesia.T1344.B1408.L4992.R5056.jpg,coffee
noncoffee/montesanto.T7104.B7168.L11520.R11584.jpg,noncoffee
coffee/montesanto.T8128.B8192.L4544.R4608.jpg,coffee
coffee/guaranesia.T320.B384.L4160.R4224.jpg,coffee
coffee/montesanto.T5440.B5504.L8128.R8192.jpg,coffee
noncoffee/guaxupe.T3840.B3904.L2240.R2304.jpg,noncoffee
noncoffee/montesanto.T8192.B8256.L6592.R6656.jpg,noncoffee
noncoffee/guaranesia.T1728.B1792.L4608.R4672.jpg,noncoffee
noncoffee/guaxupe.T6656.B6720.L320.R384.jpg,noncoffee
noncoffee/montesanto.T3904.B3968.L12352.R12416.jpg,noncoffee
noncoffee/guaxupe.T7936.B8000.L3008.R3072.jpg,noncoffee
noncoffee/montesanto.T4160.B4224.L10752.R10816.jpg,noncoffee
coffee/guaranesia.T3136.B3200.L5440.R5504.jpg,coffee
noncoffee/guaxupe.T5056.B5120.L4864.R4928.jpg,noncoffee
noncoffee/montesanto.T640.B704.L10688.R10752.jpg,noncoffee
coffee/montesanto.T7744.B7808.L7936.R8000.jpg,coffee
coffee/montesanto.T8448.B8512.L3712.R3776.jpg,coffee
noncoffee/guaranesia.T9856.B9920.L1664.R1728.jpg,noncoffee
coffee/montesanto.T9152.B9216.L5376.R5440.jpg,coffee
noncoffee/montesanto.T6208.B6272.L4608.R4672.jpg,noncoffee
noncoffee/guaxupe.T3776.B3840.L4288.R4352.jpg,noncoffee
noncoffee/montesanto.T6848.B6912.L6912.R6976.jpg,noncoffee
coffee/guaranesia.T1728.B1792.L4800.R4864.jpg,coffee
noncoffee/montesanto.T3136.B3200.L7040.R7104.jpg,noncoffee
noncoffee/guaxupe.T6208.B6272.L832.R896.jpg,noncoffee
coffee/guaxupe.T8128.B8192.L5056.R5120.jpg,coffee
coffee/guaxupe.T4096.B4160.L4864.R4928.jpg,coffee
noncoffee/montesanto.T1472.B1536.L10688.R10752.jpg,noncoffee
coffee/montesanto.T3968.B4032.L6656.R6720.jpg,coffee
coffee/montesanto.T4800.B4864.L10880.R10944.jpg,coffee
noncoffee/guaxupe.T4224.B4288.L1472.R1536.jpg,noncoffee
coffee/arceburgo.T832.B896.L3904.R3968.jpg,coffee
coffee/montesanto.T7808.B7872.L3520.R3584.jpg,coffee
noncoffee/montesanto.T3072.B3136.L13056.R13120.jpg,noncoffee
coffee/montesanto.T4928.B4992.L11008.R11072.jpg,coffee
coffee/montesanto.T3456.B3520.L11712.R11776.jpg,coffee
coffee/montesanto.T7744.B7808.L3328.R3392.jpg,coffee
noncoffee/guaranesia.T6848.B6912.L5376.R5440.jpg,noncoffee
noncoffee/arceburgo.T3008.B3072.L3584.R3648.jpg,noncoffee
coffee/guaxupe.T2240.B2304.L4288.R4352.jpg,coffee
noncoffee/montesanto.T2112.B2176.L10048.R10112.jpg,noncoffee
coffee/guaxupe.T2112.B2176.L3776.R3840.jpg,coffee
coffee/arceburgo.T3712.B3776.L4416.R4480.jpg,coffee
noncoffee/montesanto.T7616.B7680.L7744.R7808.jpg,noncoffee
noncoffee/montesanto.T4672.B4736.L6400.R6464.jpg,noncoffee
coffee/montesanto.T10048.B10112.L5376.R5440.jpg,coffee
noncoffee/montesanto.T12352.B12416.L5184.R5248.jpg,noncoffee
noncoffee/arceburgo.T4672.B4736.L2496.R2560.jpg,noncoffee
noncoffee/arceburgo.T1152.B1216.L3008.R3072.jpg,noncoffee
coffee/montesanto.T6016.B6080.L8512.R8576.jpg,coffee
coffee/montesanto.T6272.B6336.L7680.R7744.jpg,coffee
coffee/guaranesia.T4864.B4928.L6208.R6272.jpg,coffee
noncoffee/montesanto.T11008.B11072.L4352.R4416.jpg,noncoffee
noncoffee/montesanto.T8000.B8064.L7360.R7424.jpg,noncoffee
coffee/guaranesia.T4736.B4800.L7040.R7104.jpg,coffee
coffee/montesanto.T2304.B2368.L6720.R6784.jpg,coffee
coffee/guaxupe.T8128.B8192.L2752.R2816.jpg,coffee
coffee/montesanto.T8896.B8960.L5632.R5696.jpg,coffee
noncoffee/montesanto.T2112.B2176.L10624.R10688.jpg,noncoffee
coffee/montesanto.T8384.B8448.L3968.R4032.jpg,coffee
coffee/guaxupe.T5504.B5568.L5888.R5952.jpg,coffee
noncoffee/montesanto.T10240.B10304.L7616.R7680.jpg,noncoffee
noncoffee/montesanto.T8896.B8960.L10560.R10624.jpg,noncoffee
noncoffee/montesanto.T256.B320.L10432.R10496.jpg,noncoffee
noncoffee/arceburgo.T6016.B6080.L2496.R2560.jpg,noncoffee
coffee/montesanto.T8000.B8064.L3392.R3456.jpg,coffee
coffee/guaxupe.T2752.B2816.L5120.R5184.jpg,coffee
noncoffee/guaxupe.T5440.B5504.L2944.R3008.jpg,noncoffee
noncoffee/guaxupe.T8128.B8192.L4416.R4480.jpg,noncoffee
noncoffee/guaxupe.T7360.B7424.L640.R704.jpg,noncoffee
noncoffee/guaxupe.T7296.B7360.L2304.R2368.jpg,noncoffee
noncoffee/montesanto.T4096.B4160.L8576.R8640.jpg,noncoffee
noncoffee/guaxupe.T5888.B5952.L2688.R2752.jpg,noncoffee
noncoffee/guaranesia.T4864.B4928.L4800.R4864.jpg,noncoffee
noncoffee/arceburgo.T4992.B5056.L2048.R2112.jpg,noncoffee
noncoffee/guaxupe.T4352.B4416.L1920.R1984.jpg,noncoffee
noncoffee/guaranesia.T8000.B8064.L2432.R2496.jpg,noncoffee
noncoffee/guaxupe.T6272.B6336.L4672.R4736.jpg,noncoffee
coffee/montesanto.T6720.B6784.L8704.R8768.jpg,coffee
noncoffee/guaranesia.T9216.B9280.L4032.R4096.jpg,noncoffee
coffee/montesanto.T6656.B6720.L4480.R4544.jpg,coffee
coffee/montesanto.T7616.B7680.L6016.R6080.jpg,coffee
noncoffee/arceburgo.T5632.B5696.L896.R960.jpg,noncoffee
coffee/guaxupe.T2176.B2240.L3584.R3648.jpg,coffee
coffee/montesanto.T9664.B9728.L5056.R5120.jpg,coffee
noncoffee/guaranesia.T6144.B6208.L2752.R2816.jpg,noncoffee
noncoffee/arceburgo.T5312.B5376.L4928.R4992.jpg,noncoffee
noncoffee/montesanto.T9728.B9792.L3968.R4032.jpg,noncoffee
coffee/guaxupe.T1792.B1856.L2688.R2752.jpg,coffee
coffee/montesanto.T4864.B4928.L4160.R4224.jpg,coffee
noncoffee/montesanto.T4224.B4288.L11072.R11136.jpg,noncoffee
coffee/guaranesia.T4672.B4736.L5632.R5696.jpg,coffee
coffee/montesanto.T4288.B4352.L960.R1024.jpg,coffee
coffee/arceburgo.T384.B448.L4992.R5056.jpg,coffee
noncoffee/guaranesia.T8640.B8704.L1664.R1728.jpg,noncoffee
noncoffee/arceburgo.T5888.B5952.L1152.R1216.jpg,noncoffee
noncoffee/guaranesia.T1920.B1984.L5376.R5440.jpg,noncoffee
coffee/guaxupe.T9216.B9280.L2944.R3008.jpg,coffee
noncoffee/montesanto.T9792.B9856.L7360.R7424.jpg,noncoffee
noncoffee/guaxupe.T6208.B6272.L6656.R6720.jpg,noncoffee
noncoffee/arceburgo.T3456.B3520.L2176.R2240.jpg,noncoffee
noncoffee/montesanto.T11072.B11136.L4032.R4096.jpg,noncoffee
coffee/arceburgo.T4672.B4736.L4480.R4544.jpg,coffee
noncoffee/guaxupe.T9344.B9408.L2368.R2432.jpg,noncoffee
coffee/montesanto.T5504.B5568.L8128.R8192.jpg,coffee
noncoffee/arceburgo.T5568.B5632.L2048.R2112.jpg,noncoffee
coffee/guaxupe.T2176.B2240.L1664.R1728.jpg,coffee
coffee/montesanto.T5760.B5824.L7616.R7680.jpg,coffee
noncoffee/montesanto.T5504.B5568.L256.R320.jpg,noncoffee
noncoffee/guaranesia.T6912.B6976.L832.R896.jpg,noncoffee
coffee/montesanto.T6848.B6912.L9152.R9216.jpg,coffee
noncoffee/guaranesia.T7168.B7232.L1920.R1984.jpg,noncoffee
coffee/guaxupe.T2688.B2752.L4288.R4352.jpg,coffee
coffee/guaxupe.T5824.B5888.L6080.R6144.jpg,coffee
noncoffee/montesanto.T4352.B4416.L5696.R5760.jpg,noncoffee
noncoffee/montesanto.T2688.B2752.L8576.R8640.jpg,noncoffee
coffee/montesanto.T7744.B7808.L10240.R10304.jpg,coffee
coffee/guaxupe.T576.B640.L4160.R4224.jpg,coffee
noncoffee/montesanto.T8384.B8448.L10880.R10944.jpg,noncoffee
noncoffee/guaranesia.T5696.B5760.L1728.R1792.jpg,noncoffee
noncoffee/montesanto.T1408.B1472.L10688.R10752.jpg,noncoffee
coffee/guaxupe.T1088.B1152.L3136.R3200.jpg,coffee
coffee/montesanto.T6464.B6528.L4288.R4352.jpg,coffee
coffee/arceburgo.T1216.B1280.L4416.R4480.jpg,coffee
coffee/montesanto.T3520.B3584.L12160.R12224.jpg,coffee
coffee/guaxupe.T5184.B5248.L3776.R3840.jpg,coffee
coffee/guaxupe.T3072.B3136.L5504.R5568.jpg,coffee
coffee/montesanto.T6208.B6272.L7488.R7552.jpg,coffee
coffee/montesanto.T4864.B4928.L10304.R10368.jpg,coffee
noncoffee/montesanto.T6976.B7040.L11456.R11520.jpg,noncoffee
coffee/guaxupe.T4352.B4416.L6208.R6272.jpg,coffee
noncoffee/guaranesia.T3200.B3264.L4032.R4096.jpg,noncoffee
noncoffee/montesanto.T9856.B9920.L9664.R9728.jpg,noncoffee
noncoffee/guaranesia.T5888.B5952.L5312.R5376.jpg,noncoffee
coffee/montesanto.T8192.B8256.L10112.R10176.jpg,coffee
noncoffee/arceburgo.T4928.B4992.L1280.R1344.jpg,noncoffee
coffee/montesanto.T9088.B9152.L5568.R5632.jpg,coffee
coffee/montesanto.T7296.B7360.L8192.R8256.jpg,coffee
noncoffee/montesanto.T3520.B3584.L9152.R9216.jpg,noncoffee
noncoffee/montesanto.T8512.B8576.L5952.R6016.jpg,noncoffee
coffee/guaranesia.T1408.B1472.L4672.R4736.jpg,coffee
coffee/guaxupe.T2112.B2176.L3840.R3904.jpg,coffee
noncoffee/arceburgo.T5632.B5696.L3328.R3392.jpg,noncoffee
noncoffee/montesanto.T9536.B9600.L6912.R6976.jpg,noncoffee
noncoffee/arceburgo.T1216.B1280.L3072.R3136.jpg,noncoffee
coffee/montesanto.T7232.B7296.L5696.R5760.jpg,coffee
noncoffee/montesanto.T2752.B2816.L12224.R12288.jpg,noncoffee
noncoffee/montesanto.T9600.B9664.L8576.R8640.jpg,noncoffee
coffee/montesanto.T2880.B2944.L10560.R10624.jpg,coffee
noncoffee/montesanto.T9600.B9664.L10432.R10496.jpg,noncoffee
noncoffee/guaranesia.T3968.B4032.L6976.R7040.jpg,noncoffee
coffee/montesanto.T7104.B7168.L11136.R11200.jpg,coffee
noncoffee/guaxupe.T3712.B3776.L3008.R3072.jpg,noncoffee
noncoffee/guaxupe.T7488.B7552.L2240.R2304.jpg,noncoffee
coffee/montesanto.T5760.B5824.L10176.R10240.jpg,coffee
noncoffee/montesanto.T9472.B9536.L7488.R7552.jpg,noncoffee
coffee/arceburgo.T3904.B3968.L4352.R4416.jpg,coffee
noncoffee/montesanto.T6400.B6464.L1472.R1536.jpg,noncoffee
noncoffee/montesanto.T11584.B11648.L4480.R4544.jpg,noncoffee
coffee/guaranesia.T3264.B3328.L5504.R5568.jpg,coffee
coffee/guaxupe.T6656.B6720.L4480.R4544.jpg,coffee
coffee/montesanto.T4864.B4928.L4096.R4160.jpg,coffee
coffee/guaranesia.T5504.B5568.L3456.R3520.jpg,coffee
coffee/montesanto.T5760.B5824.L1856.R1920.jpg,coffee
noncoffee/montesanto.T7424.B7488.L7104.R7168.jpg,noncoffee
noncoffee/guaranesia.T7680.B7744.L5312.R5376.jpg,noncoffee
coffee/montesanto.T8256.B8320.L4160.R4224.jpg,coffee
noncoffee/montesanto.T5248.B5312.L8704.R8768.jpg,noncoffee
noncoffee/montesanto.T3008.B3072.L13120.R13184.jpg,noncoffee
noncoffee/guaranesia.T8320.B8384.L4736.R4800.jpg,noncoffee
noncoffee/montesanto.T8896.B8960.L3584.R3648.jpg,noncoffee
noncoffee/guaxupe.T7744.B7808.L3776.R3840.jpg,noncoffee
noncoffee/montesanto.T6208.B6272.L5504.R5568.jpg,noncoffee
noncoffee/guaranesia.T5696.B5760.L4864.R4928.jpg,noncoffee
noncoffee/guaranesia.T10432.B10496.L512.R576.jpg,noncoffee
coffee/arceburgo.T5056.B5120.L4160.R4224.jpg,coffee
coffee/arceburgo.T3968.B4032.L5184.R5248.jpg,coffee
noncoffee/guaranesia.T3136.B3200.L6080.R6144.jpg,noncoffee
noncoffee/montesanto.T8832.B8896.L6912.R6976.jpg,noncoffee
coffee/montesanto.T6912.B6976.L9472.R9536.jpg,coffee
noncoffee/montesanto.T7424.B7488.L3264.R3328.jpg,noncoffee
noncoffee/montesanto.T8128.B8192.L6848.R6912.jpg,noncoffee
coffee/guaranesia.T4352.B4416.L2368.R2432.jpg,coffee
noncoffee/guaranesia.T1600.B1664.L4224.R4288.jpg,noncoffee
coffee/guaranesia.T5120.B5184.L1728.R1792.jpg,coffee
coffee/arceburgo.T3968.B4032.L4288.R4352.jpg,coffee
coffee/guaranesia.T9344.B9408.L768.R832.jpg,coffee
noncoffee/arceburgo.T5440.B5504.L576.R640.jpg,noncoffee
noncoffee/montesanto.T8064.B8128.L2112.R2176.jpg,noncoffee
coffee/montesanto.T4608.B4672.L11712.R11776.jpg,coffee
noncoffee/arceburgo.T5760.B5824.L2176.R2240.jpg,noncoffee
noncoffee/guaxupe.T7680.B7744.L832.R896.jpg,noncoffee
coffee/montesanto.T4544.B4608.L704.R768.jpg,coffee
noncoffee/montesanto.T8704.B8768.L4096.R4160.jpg,noncoffee
coffee/montesanto.T5312.B5376.L512.R576.jpg,coffee
coffee/montesanto.T8000.B8064.L10496.R10560.jpg,coffee
noncoffee/montesanto.T8576.B8640.L8768.R8832.jpg,noncoffee
coffee/montesanto.T6016.B6080.L11136.R11200.jpg,coffee
noncoffee/montesanto.T7616.B7680.L9088.R9152.jpg,noncoffee
coffee/montesanto.T9216.B9280.L9216.R9280.jpg,coffee
noncoffee/montesanto.T4224.B4288.L11520.R11584.jpg,noncoffee
coffee/arceburgo.T2816.B2880.L4480.R4544.jpg,coffee
coffee/montesanto.T6656.B6720.L2560.R2624.jpg,coffee
noncoffee/guaxupe.T5568.B5632.L1536.R1600.jpg,noncoffee
coffee/montesanto.T5120.B5184.L1408.R1472.jpg,coffee
noncoffee/montesanto.T3584.B3648.L13568.R13632.jpg,noncoffee
noncoffee/guaranesia.T5312.B5376.L4544.R4608.jpg,noncoffee
coffee/guaxupe.T8064.B8128.L1344.R1408.jpg,coffee
noncoffee/montesanto.T4032.B4096.L5376.R5440.jpg,noncoffee
noncoffee/guaranesia.T5184.B5248.L2752.R2816.jpg,noncoffee
coffee/montesanto.T7872.B7936.L9088.R9152.jpg,coffee
noncoffee/montesanto.T3776.B3840.L5184.R5248.jpg,noncoffee
noncoffee/guaranesia.T4032.B4096.L6272.R6336.jpg,noncoffee
coffee/guaranesia.T2880.B2944.L6144.R6208.jpg,coffee
coffee/montesanto.T6656.B6720.L4288.R4352.jpg,coffee
coffee/montesanto.T1024.B1088.L8832.R8896.jpg,coffee
noncoffee/montesanto.T4224.B4288.L11840.R11904.jpg,noncoffee
noncoffee/guaxupe.T8640.B8704.L1536.R1600.jpg,noncoffee
noncoffee/arceburgo.T1984.B2048.L3456.R3520.jpg,noncoffee
coffee/guaxupe.T4544.B4608.L2816.R2880.jpg,coffee
noncoffee/montesanto.T10624.B10688.L5440.R5504.jpg,noncoffee
coffee/guaranesia.T9280.B9344.L4928.R4992.jpg,coffee
noncoffee/montesanto.T4736.B4800.L3200.R3264.jpg,noncoffee
noncoffee/guaxupe.T6912.B6976.L6592.R6656.jpg,noncoffee
coffee/montesanto.T10176.B10240.L5696.R5760.jpg,coffee
noncoffee/guaxupe.T192.B256.L5696.R5760.jpg,noncoffee
coffee/arceburgo.T2496.B2560.L4864.R4928.jpg,coffee
coffee/montesanto.T8000.B8064.L7168.R7232.jpg,coffee
coffee/montesanto.T5120.B5184.L640.R704.jpg,coffee
noncoffee/montesanto.T3840.B3904.L9792.R9856.jpg,noncoffee
coffee/guaranesia.T4928.B4992.L2752.R2816.jpg,coffee
coffee/guaranesia.T4096.B4160.L2432.R2496.jpg,coffee
noncoffee/guaranesia.T4288.B4352.L2624.R2688.jpg,noncoffee
coffee/guaxupe.T7616.B7680.L5120.R5184.jpg,coffee
noncoffee/arceburgo.T3712.B3776.L3072.R3136.jpg,noncoffee
noncoffee/guaxupe.T6016.B6080.L3392.R3456.jpg,noncoffee
noncoffee/montesanto.T6080.B6144.L7104.R7168.jpg,noncoffee
noncoffee/montesanto.T6976.B7040.L6208.R6272.jpg,noncoffee
noncoffee/montesanto.T7296.B7360.L11072.R11136.jpg,noncoffee
coffee/montesanto.T3776.B3840.L13824.R13888.jpg,coffee
coffee/montesanto.T4608.B4672.L1792.R1856.jpg,coffee
noncoffee/montesanto.T4224.B4288.L7488.R7552.jpg,noncoffee
noncoffee/guaxupe.T3584.B3648.L5952.R6016.jpg,noncoffee
noncoffee/guaranesia.T7424.B7488.L5376.R5440.jpg,noncoffee
coffee/arceburgo.T2368.B2432.L4992.R5056.jpg,coffee
noncoffee/montesanto.T10304.B10368.L8384.R8448.jpg,noncoffee
noncoffee/guaxupe.T3008.B3072.L5120.R5184.jpg,noncoffee
noncoffee/montesanto.T5696.B5760.L3264.R3328.jpg,noncoffee
noncoffee/montesanto.T4480.B4544.L6976.R7040.jpg,noncoffee
coffee/montesanto.T6528.B6592.L10176.R10240.jpg,coffee
noncoffee/guaxupe.T7360.B7424.L5952.R6016.jpg,noncoffee
noncoffee/guaxupe.T4160.B4224.L3776.R3840.jpg,noncoffee
coffee/montesanto.T4288.B4352.L832.R896.jpg,coffee
coffee/guaranesia.T2944.B3008.L6144.R6208.jpg,coffee
noncoffee/arceburgo.T960.B1024.L4928.R4992.jpg,noncoffee
coffee/guaranesia.T1152.B1216.L4928.R4992.jpg,coffee
noncoffee/guaxupe.T6208.B6272.L3136.R3200.jpg,noncoffee
noncoffee/montesanto.T8704.B8768.L6144.R6208.jpg,noncoffee
noncoffee/guaranesia.T6272.B6336.L2304.R2368.jpg,noncoffee
coffee/montesanto.T704.B768.L7872.R7936.jpg,coffee
noncoffee/guaxupe.T4288.B4352.L3904.R3968.jpg,noncoffee
coffee/montesanto.T3712.B3776.L5376.R5440.jpg,coffee
noncoffee/montesanto.T4096.B4160.L4224.R4288.jpg,noncoffee
coffee/montesanto.T6528.B6592.L2496.R2560.jpg,coffee
coffee/guaranesia.T4608.B4672.L5696.R5760.jpg,coffee
coffee/guaranesia.T3008.B3072.L5440.R5504.jpg,coffee
coffee/guaranesia.T768.B832.L5888.R5952.jpg,coffee
coffee/montesanto.T4992.B5056.L4864.R4928.jpg,coffee
noncoffee/montesanto.T4416.B4480.L3712.R3776.jpg,noncoffee
coffee/guaranesia.T4800.B4864.L6208.R6272.jpg,coffee
noncoffee/guaxupe.T6656.B6720.L5376.R5440.jpg,noncoffee
noncoffee/arceburgo.T1792.B1856.L3264.R3328.jpg,noncoffee
coffee/guaxupe.T8896.B8960.L3264.R3328.jpg,coffee
noncoffee/montesanto.T3520.B3584.L8896.R8960.jpg,noncoffee
coffee/guaranesia.T3520.B3584.L5184.R5248.jpg,coffee
noncoffee/guaranesia.T6080.B6144.L3648.R3712.jpg,noncoffee
coffee/guaxupe.T1216.B1280.L1984.R2048.jpg,coffee
coffee/montesanto.T7168.B7232.L9408.R9472.jpg,coffee
noncoffee/guaranesia.T1920.B1984.L6144.R6208.jpg,noncoffee
noncoffee/montesanto.T8896.B8960.L3776.R3840.jpg,noncoffee
coffee/guaxupe.T4736.B4800.L2048.R2112.jpg,coffee
coffee/montesanto.T4992.B5056.L7296.R7360.jpg,coffee
noncoffee/montesanto.T5184.B5248.L8704.R8768.jpg,noncoffee
noncoffee/guaranesia.T5760.B5824.L5056.R5120.jpg,noncoffee
noncoffee/montesanto.T1664.B1728.L9600.R9664.jpg,noncoffee
noncoffee/montesanto.T4160.B4224.L1856.R1920.jpg,noncoffee
coffee/montesanto.T8320.B8384.L3968.R4032.jpg,coffee
noncoffee/montesanto.T10368.B10432.L7808.R7872.jpg,noncoffee
coffee/guaranesia.T4672.B4736.L5696.R5760.jpg,coffee
coffee/guaxupe.T3328.B3392.L5184.R5248.jpg,coffee
noncoffee/guaxupe.T8960.B9024.L1216.R1280.jpg,noncoffee
coffee/guaranesia.T7168.B7232.L2496.R2560.jpg,coffee
coffee/montesanto.T5056.B5120.L1344.R1408.jpg,coffee
noncoffee/arceburgo.T4160.B4224.L4416.R4480.jpg,noncoffee
noncoffee/montesanto.T7104.B7168.L4992.R5056.jpg,noncoffee
noncoffee/montesanto.T2880.B2944.L10432.R10496.jpg,noncoffee
coffee/guaxupe.T960.B1024.L1472.R1536.jpg,coffee
noncoffee/montesanto.T5376.B5440.L3072.R3136.jpg,noncoffee
coffee/guaxupe.T8128.B8192.L1344.R1408.jpg,coffee
noncoffee/guaxupe.T1280.B1344.L2496.R2560.jpg,noncoffee
coffee/arceburgo.T3200.B3264.L4672.R4736.jpg,coffee
coffee/guaxupe.T9024.B9088.L2944.R3008.jpg,coffee
noncoffee/arceburgo.T4736.B4800.L2752.R2816.jpg,noncoffee
coffee/guaranesia.T3264.B3328.L6144.R6208.jpg,coffee
coffee/guaranesia.T4160.B4224.L3648.R3712.jpg,coffee
noncoffee/montesanto.T3904.B3968.L4800.R4864.jpg,noncoffee
noncoffee/montesanto.T7424.B7488.L11520.R11584.jpg,noncoffee
noncoffee/arceburgo.T4032.B4096.L1664.R1728.jpg,noncoffee
noncoffee/montesanto.T7232.B7296.L4224.R4288.jpg,noncoffee
noncoffee/guaxupe.T5440.B5504.L3392.R3456.jpg,noncoffee
noncoffee/montesanto.T6528.B6592.L11136.R11200.jpg,noncoffee
noncoffee/guaranesia.T2688.B2752.L3712.R3776.jpg,noncoffee
noncoffee/guaxupe.T8000.B8064.L1024.R1088.jpg,noncoffee
coffee/guaxupe.T5760.B5824.L5888.R5952.jpg,coffee
coffee/guaxupe.T3392.B3456.L3904.R3968.jpg,coffee
coffee/guaxupe.T8256.B8320.L1216.R1280.jpg,coffee
noncoffee/montesanto.T4416.B4480.L5120.R5184.jpg,noncoffee
noncoffee/guaranesia.T1536.B1600.L3392.R3456.jpg,noncoffee
noncoffee/guaranesia.T5696.B5760.L4352.R4416.jpg,noncoffee
noncoffee/montesanto.T11840.B11904.L6144.R6208.jpg,noncoffee
coffee/guaxupe.T8128.B8192.L5184.R5248.jpg,coffee
noncoffee/arceburgo.T3456.B3520.L1344.R1408.jpg,noncoffee
coffee/guaranesia.T7104.B7168.L2432.R2496.jpg,coffee
noncoffee/guaxupe.T4928.B4992.L4160.R4224.jpg,noncoffee
coffee/guaxupe.T1984.B2048.L4544.R4608.jpg,coffee
coffee/arceburgo.T2496.B2560.L4992.R5056.jpg,coffee
noncoffee/guaxupe.T4608.B4672.L5696.R5760.jpg,noncoffee
coffee/montesanto.T4544.B4608.L3392.R3456.jpg,coffee
coffee/montesanto.T6976.B7040.L9344.R9408.jpg,coffee
noncoffee/arceburgo.T5440.B5504.L4160.R4224.jpg,noncoffee
noncoffee/montesanto.T9344.B9408.L10048.R10112.jpg,noncoffee
coffee/guaxupe.T5888.B5952.L6208.R6272.jpg,coffee
coffee/guaxupe.T2368.B2432.L4032.R4096.jpg,coffee
noncoffee/arceburgo.T896.B960.L2688.R2752.jpg,noncoffee
coffee/guaxupe.T2944.B3008.L3328.R3392.jpg,coffee
noncoffee/guaranesia.T3328.B3392.L3200.R3264.jpg,noncoffee
noncoffee/montesanto.T3456.B3520.L6720.R6784.jpg,noncoffee
coffee/montesanto.T2048.B2112.L11520.R11584.jpg,coffee
coffee/guaranesia.T4928.B4992.L6592.R6656.jpg,coffee
coffee/montesanto.T3456.B3520.L12480.R12544.jpg,coffee
coffee/montesanto.T5440.B5504.L4096.R4160.jpg,coffee
noncoffee/guaranesia.T5248.B5312.L5120.R5184.jpg,noncoffee
coffee/guaxupe.T7552.B7616.L1664.R1728.jpg,coffee
noncoffee/montesanto.T9856.B9920.L6464.R6528.jpg,noncoffee
coffee/montesanto.T6656.B6720.L4416.R4480.jpg,coffee
coffee/montesanto.T3008.B3072.L7680.R7744.jpg,coffee
coffee/arceburgo.T2880.B2944.L4416.R4480.jpg,coffee
coffee/montesanto.T7872.B7936.L4928.R4992.jpg,coffee
noncoffee/guaxupe.T5248.B5312.L4096.R4160.jpg,noncoffee
coffee/montesanto.T5760.B5824.L10240.R10304.jpg,coffee
noncoffee/montesanto.T4672.B4736.L2944.R3008.jpg,noncoffee
noncoffee/montesanto.T7808.B7872.L4608.R4672.jpg,noncoffee
coffee/montesanto.T6720.B6784.L8832.R8896.jpg,coffee
coffee/montesanto.T4608.B4672.L10240.R10304.jpg,coffee
noncoffee/guaxupe.T2944.B3008.L2112.R2176.jpg,noncoffee
coffee/montesanto.T5248.B5312.L1280.R1344.jpg,coffee
noncoffee/guaranesia.T3968.B4032.L5056.R5120.jpg,noncoffee
coffee/guaxupe.T4992.B5056.L832.R896.jpg,coffee
noncoffee/arceburgo.T4352.B4416.L2048.R2112.jpg,noncoffee
coffee/guaxupe.T5376.B5440.L5632.R5696.jpg,coffee
noncoffee/guaranesia.T7616.B7680.L4736.R4800.jpg,noncoffee
noncoffee/arceburgo.T2816.B2880.L2304.R2368.jpg,noncoffee
noncoffee/montesanto.T1856.B1920.L10880.R10944.jpg,noncoffee
noncoffee/guaranesia.T5184.B5248.L3072.R3136.jpg,noncoffee
noncoffee/arceburgo.T3520.B3584.L2240.R2304.jpg,noncoffee
coffee/guaxupe.T2752.B2816.L4352.R4416.jpg,coffee
coffee/arceburgo.T4352.B4416.L3968.R4032.jpg,coffee
coffee/montesanto.T2688.B2752.L11200.R11264.jpg,coffee
coffee/montesanto.T4928.B4992.L11072.R11136.jpg,coffee
noncoffee/guaxupe.T3200.B3264.L4800.R4864.jpg,noncoffee
coffee/guaranesia.T3648.B3712.L3904.R3968.jpg,coffee
coffee/montesanto.T8256.B8320.L6272.R6336.jpg,coffee
noncoffee/montesanto.T896.B960.L9536.R9600.jpg,noncoffee
noncoffee/guaranesia.T9024.B9088.L1472.R1536.jpg,noncoffee
coffee/guaxupe.T9472.B9536.L2176.R2240.jpg,coffee
coffee/guaranesia.T5504.B5568.L3840.R3904.jpg,coffee
noncoffee/guaxupe.T8576.B8640.L896.R960.jpg,noncoffee
noncoffee/montesanto.T5056.B5120.L8896.R8960.jpg,noncoffee
noncoffee/montesanto.T6976.B7040.L6080.R6144.jpg,noncoffee
noncoffee/guaxupe.T6592.B6656.L320.R384.jpg,noncoffee
coffee/montesanto.T5056.B5120.L1408.R1472.jpg,coffee
coffee/montesanto.T9024.B9088.L5568.R5632.jpg,coffee
coffee/guaranesia.T3456.B3520.L5120.R5184.jpg,coffee
coffee/guaranesia.T4992.B5056.L7104.R7168.jpg,coffee
coffee/guaxupe.T7936.B8000.L1408.R1472.jpg,coffee
noncoffee/guaxupe.T5568.B5632.L3584.R3648.jpg,noncoffee
coffee/guaxupe.T1856.B1920.L3584.R3648.jpg,coffee
coffee/montesanto.T3392.B3456.L12480.R12544.jpg,coffee
coffee/montesanto.T6272.B6336.L7808.R7872.jpg,coffee
coffee/guaxupe.T8256.B8320.L3008.R3072.jpg,coffee
noncoffee/guaxupe.T6144.B6208.L5056.R5120.jpg,noncoffee
coffee/guaxupe.T384.B448.L1536.R1600.jpg,coffee
noncoffee/guaxupe.T1152.B1216.L4480.R4544.jpg,noncoffee
coffee/montesanto.T5568.B5632.L8000.R8064.jpg,coffee
coffee/guaranesia.T7232.B7296.L2560.R2624.jpg,coffee
coffee/guaranesia.T8704.B8768.L1344.R1408.jpg,coffee
noncoffee/montesanto.T1664.B1728.L7744.R7808.jpg,noncoffee
coffee/montesanto.T5376.B5440.L8192.R8256.jpg,coffee
noncoffee/montesanto.T6912.B6976.L6208.R6272.jpg,noncoffee
coffee/montesanto.T4160.B4224.L4736.R4800.jpg,coffee
coffee/montesanto.T6272.B6336.L7552.R7616.jpg,coffee
noncoffee/guaranesia.T7680.B7744.L896.R960.jpg,noncoffee
noncoffee/guaxupe.T7872.B7936.L1600.R1664.jpg,noncoffee
noncoffee/montesanto.T5440.B5504.L9088.R9152.jpg,noncoffee
coffee/guaranesia.T6016.B6080.L3328.R3392.jpg,coffee
coffee/guaranesia.T512.B576.L4032.R4096.jpg,coffee
coffee/montesanto.T6336.B6400.L8192.R8256.jpg,coffee
coffee/montesanto.T7680.B7744.L6016.R6080.jpg,coffee
noncoffee/guaxupe.T6464.B6528.L1920.R1984.jpg,noncoffee
coffee/guaranesia.T4096.B4160.L2496.R2560.jpg,coffee
noncoffee/guaxupe.T1472.B1536.L5056.R5120.jpg,noncoffee
coffee/guaranesia.T4736.B4800.L5568.R5632.jpg,coffee
noncoffee/montesanto.T3648.B3712.L3200.R3264.jpg,noncoffee
noncoffee/montesanto.T5376.B5440.L9600.R9664.jpg,noncoffee
coffee/montesanto.T4352.B4416.L1280.R1344.jpg,coffee
noncoffee/montesanto.T8832.B8896.L9536.R9600.jpg,noncoffee
noncoffee/arceburgo.T4608.B4672.L1408.R1472.jpg,noncoffee
noncoffee/montesanto.T5952.B6016.L4672.R4736.jpg,noncoffee
coffee/montesanto.T8256.B8320.L3264.R3328.jpg,coffee
noncoffee/guaxupe.T2816.B2880.L4928.R4992.jpg,noncoffee
noncoffee/montesanto.T6720.B6784.L6720.R6784.jpg,noncoffee
coffee/guaxupe.T4544.B4608.L4032.R4096.jpg,coffee
coffee/guaranesia.T3968.B4032.L7424.R7488.jpg,coffee
coffee/guaranesia.T8640.B8704.L4864.R4928.jpg,coffee
noncoffee/montesanto.T5056.B5120.L2112.R2176.jpg,noncoffee
coffee/arceburgo.T960.B1024.L4736.R4800.jpg,coffee
coffee/montesanto.T6464.B6528.L4736.R4800.jpg,coffee
noncoffee/guaxupe.T1472.B1536.L4224.R4288.jpg,noncoffee
coffee/montesanto.T4032.B4096.L12672.R12736.jpg,coffee
noncoffee/guaxupe.T7360.B7424.L1856.R1920.jpg,noncoffee
noncoffee/guaranesia.T6656.B6720.L3712.R3776.jpg,noncoffee
noncoffee/montesanto.T5760.B5824.L5696.R5760.jpg,noncoffee
coffee/guaxupe.T1536.B1600.L2048.R2112.jpg,coffee
noncoffee/montesanto.T5760.B5824.L10624.R10688.jpg,noncoffee
noncoffee/montesanto.T12416.B12480.L5184.R5248.jpg,noncoffee
coffee/guaranesia.T3392.B3456.L5440.R5504.jpg,coffee
noncoffee/montesanto.T6848.B6912.L5632.R5696.jpg,noncoffee
coffee/guaranesia.T1280.B1344.L4800.R4864.jpg,coffee
coffee/montesanto.T5952.B6016.L8000.R8064.jpg,coffee
noncoffee/montesanto.T13248.B13312.L5440.R5504.jpg,noncoffee
coffee/montesanto.T5952.B6016.L1856.R1920.jpg,coffee
coffee/guaxupe.T2048.B2112.L3072.R3136.jpg,coffee
coffee/montesanto.T5056.B5120.L1472.R1536.jpg,coffee
noncoffee/arceburgo.T3968.B4032.L640.R704.jpg,noncoffee
noncoffee/guaranesia.T9216.B9280.L5376.R5440.jpg,noncoffee
noncoffee/montesanto.T2240.B2304.L12864.R12928.jpg,noncoffee
coffee/montesanto.T8256.B8320.L4416.R4480.jpg,coffee
coffee/montesanto.T7808.B7872.L4864.R4928.jpg,coffee
coffee/montesanto.T4608.B4672.L3392.R3456.jpg,coffee
coffee/montesanto.T5888.B5952.L7168.R7232.jpg,coffee
noncoffee/montesanto.T832.B896.L8640.R8704.jpg,noncoffee
coffee/guaranesia.T7296.B7360.L2560.R2624.jpg,coffee
coffee/arceburgo.T1024.B1088.L4416.R4480.jpg,coffee
coffee/guaranesia.T2752.B2816.L5760.R5824.jpg,coffee
noncoffee/guaxupe.T3072.B3136.L3520.R3584.jpg,noncoffee
noncoffee/guaranesia.T8384.B8448.L4864.R4928.jpg,noncoffee
coffee/montesanto.T7104.B7168.L6336.R6400.jpg,coffee
coffee/arceburgo.T2432.B2496.L4864.R4928.jpg,coffee
coffee/guaxupe.T2624.B2688.L4352.R4416.jpg,coffee
coffee/montesanto.T5056.B5120.L576.R640.jpg,coffee
noncoffee/montesanto.T8128.B8192.L10240.R10304.jpg,noncoffee
coffee/guaranesia.T832.B896.L5824.R5888.jpg,coffee
coffee/guaranesia.T8832.B8896.L896.R960.jpg,coffee
noncoffee/montesanto.T6400.B6464.L5696.R5760.jpg,noncoffee
noncoffee/guaxupe.T4096.B4160.L3776.R3840.jpg,noncoffee
noncoffee/arceburgo.T4800.B4864.L4480.R4544.jpg,noncoffee
coffee/guaranesia.T4864.B4928.L6080.R6144.jpg,coffee
coffee/guaranesia.T3648.B3712.L6528.R6592.jpg,coffee
noncoffee/montesanto.T3968.B4032.L8128.R8192.jpg,noncoffee
coffee/guaxupe.T1088.B1152.L2304.R2368.jpg,coffee
coffee/guaranesia.T3392.B3456.L5376.R5440.jpg,coffee
coffee/guaranesia.T896.B960.L3584.R3648.jpg,coffee
noncoffee/guaxupe.T7936.B8000.L3840.R3904.jpg,noncoffee
noncoffee/montesanto.T5440.B5504.L9152.R9216.jpg,noncoffee
noncoffee/montesanto.T9152.B9216.L8448.R8512.jpg,noncoffee
noncoffee/montesanto.T6336.B6400.L7104.R7168.jpg,noncoffee
coffee/guaxupe.T3072.B3136.L2432.R2496.jpg,coffee
coffee/montesanto.T4992.B5056.L1600.R1664.jpg,coffee
noncoffee/montesanto.T4032.B4096.L11392.R11456.jpg,noncoffee
noncoffee/montesanto.T384.B448.L10624.R10688.jpg,noncoffee
noncoffee/arceburgo.T2368.B2432.L2496.R2560.jpg,noncoffee
coffee/montesanto.T4416.B4480.L768.R832.jpg,coffee
noncoffee/guaxupe.T9408.B9472.L2624.R2688.jpg,noncoffee
noncoffee/montesanto.T4160.B4224.L6784.R6848.jpg,noncoffee
noncoffee/montesanto.T4224.B4288.L13056.R13120.jpg,noncoffee
noncoffee/montesanto.T2496.B2560.L6848.R6912.jpg,noncoffee
noncoffee/guaranesia.T5632.B5696.L5824.R5888.jpg,noncoffee
noncoffee/montesanto.T1152.B1216.L10880.R10944.jpg,noncoffee
noncoffee/arceburgo.T4288.B4352.L2176.R2240.jpg,noncoffee
coffee/guaxupe.T2624.B2688.L2560.R2624.jpg,coffee
noncoffee/guaranesia.T4928.B4992.L2048.R2112.jpg,noncoffee
coffee/montesanto.T8256.B8320.L4096.R4160.jpg,coffee
noncoffee/guaxupe.T960.B1024.L3648.R3712.jpg,noncoffee
coffee/montesanto.T3200.B3264.L11264.R11328.jpg,coffee
noncoffee/montesanto.T3264.B3328.L7552.R7616.jpg,noncoffee
noncoffee/guaxupe.T8064.B8128.L5440.R5504.jpg,noncoffee
coffee/montesanto.T8000.B8064.L4608.R4672.jpg,coffee
noncoffee/montesanto.T6144.B6208.L5632.R5696.jpg,noncoffee
coffee/guaxupe.T8128.B8192.L2944.R3008.jpg,coffee
coffee/guaxupe.T1216.B1280.L1920.R1984.jpg,coffee
noncoffee/montesanto.T1728.B1792.L9664.R9728.jpg,noncoffee
noncoffee/arceburgo.T6016.B6080.L640.R704.jpg,noncoffee
noncoffee/guaxupe.T4224.B4288.L3584.R3648.jpg,noncoffee
coffee/guaxupe.T3200.B3264.L4224.R4288.jpg,coffee
noncoffee/guaxupe.T4352.B4416.L5184.R5248.jpg,noncoffee
noncoffee/guaxupe.T1792.B1856.L1216.R1280.jpg,noncoffee
coffee/guaranesia.T1088.B1152.L4992.R5056.jpg,coffee
noncoffee/guaranesia.T10944.B11008.L1152.R1216.jpg,noncoffee
coffee/montesanto.T6400.B6464.L9024.R9088.jpg,coffee
noncoffee/arceburgo.T2304.B2368.L3072.R3136.jpg,noncoffee
coffee/guaxupe.T8320.B8384.L1216.R1280.jpg,coffee
noncoffee/montesanto.T6016.B6080.L8128.R8192.jpg,noncoffee
noncoffee/montesanto.T7296.B7360.L11008.R11072.jpg,noncoffee
coffee/arceburgo.T2816.B2880.L5056.R5120.jpg,coffee
coffee/montesanto.T7808.B7872.L8192.R8256.jpg,coffee
noncoffee/montesanto.T4160.B4224.L4096.R4160.jpg,noncoffee
noncoffee/guaranesia.T6144.B6208.L5312.R5376.jpg,noncoffee
coffee/guaxupe.T2240.B2304.L4544.R4608.jpg,coffee
coffee/montesanto.T8256.B8320.L7040.R7104.jpg,coffee
noncoffee/guaxupe.T4864.B4928.L3648.R3712.jpg,noncoffee
coffee/guaranesia.T4672.B4736.L5440.R5504.jpg,coffee
noncoffee/montesanto.T2752.B2816.L11328.R11392.jpg,noncoffee
coffee/guaxupe.T9408.B9472.L2944.R3008.jpg,coffee
coffee/montesanto.T4672.B4736.L10176.R10240.jpg,coffee
noncoffee/montesanto.T4416.B4480.L10432.R10496.jpg,noncoffee
coffee/montesanto.T10240.B10304.L5568.R5632.jpg,coffee
coffee/montesanto.T5760.B5824.L2112.R2176.jpg,coffee
coffee/guaranesia.T3136.B3200.L5504.R5568.jpg,coffee
noncoffee/guaxupe.T6912.B6976.L6336.R6400.jpg,noncoffee
noncoffee/guaranesia.T7168.B7232.L1344.R1408.jpg,noncoffee
noncoffee/guaranesia.T7936.B8000.L5056.R5120.jpg,noncoffee
coffee/guaxupe.T8128.B8192.L5120.R5184.jpg,coffee
noncoffee/montesanto.T3008.B3072.L6848.R6912.jpg,noncoffee
noncoffee/montesanto.T8128.B8192.L5952.R6016.jpg,noncoffee
noncoffee/montesanto.T8000.B8064.L10112.R10176.jpg,noncoffee
coffee/guaranesia.T5248.B5312.L5952.R6016.jpg,coffee
noncoffee/guaranesia.T7424.B7488.L1088.R1152.jpg,noncoffee
noncoffee/guaxupe.T3456.B3520.L5440.R5504.jpg,noncoffee
noncoffee/guaxupe.T7936.B8000.L1664.R1728.jpg,noncoffee
noncoffee/guaranesia.T3648.B3712.L4288.R4352.jpg,noncoffee
noncoffee/guaxupe.T9152.B9216.L2624.R2688.jpg,noncoffee
noncoffee/montesanto.T1216.B1280.L7424.R7488.jpg,noncoffee
coffee/montesanto.T5184.B5248.L12608.R12672.jpg,coffee
coffee/guaxupe.T8384.B8448.L1280.R1344.jpg,coffee
coffee/montesanto.T4928.B4992.L4224.R4288.jpg,coffee
noncoffee/guaranesia.T9024.B9088.L3904.R3968.jpg,noncoffee
coffee/guaranesia.T6912.B6976.L4864.R4928.jpg,coffee
coffee/guaxupe.T4864.B4928.L2048.R2112.jpg,coffee
noncoffee/guaxupe.T8768.B8832.L1408.R1472.jpg,noncoffee
coffee/montesanto.T768.B832.L7936.R8000.jpg,coffee
coffee/montesanto.T6336.B6400.L4288.R4352.jpg,coffee
noncoffee/montesanto.T8960.B9024.L8320.R8384.jpg,noncoffee
coffee/montesanto.T5696.B5760.L1856.R1920.jpg,coffee
coffee/montesanto.T7936.B8000.L4992.R5056.jpg,coffee
coffee/montesanto.T6592.B6656.L4224.R4288.jpg,coffee
coffee/guaranesia.T5248.B5312.L1920.R1984.jpg,coffee
coffee/guaxupe.T4672.B4736.L1920.R1984.jpg,coffee
noncoffee/guaxupe.T8448.B8512.L3136.R3200.jpg,noncoffee
coffee/guaranesia.T4032.B4096.L2496.R2560.jpg,coffee
noncoffee/montesanto.T2944.B3008.L8640.R8704.jpg,noncoffee
coffee/guaranesia.T3648.B3712.L5184.R5248.jpg,coffee
noncoffee/montesanto.T11008.B11072.L6208.R6272.jpg,noncoffee
noncoffee/montesanto.T5760.B5824.L11136.R11200.jpg,noncoffee
noncoffee/arceburgo.T3712.B3776.L2752.R2816.jpg,noncoffee
noncoffee/guaranesia.T4288.B4352.L3136.R3200.jpg,noncoffee
noncoffee/montesanto.T6144.B6208.L6336.R6400.jpg,noncoffee
coffee/guaxupe.T3520.B3584.L3008.R3072.jpg,coffee
coffee/montesanto.T5184.B5248.L7424.R7488.jpg,coffee
coffee/guaxupe.T4352.B4416.L704.R768.jpg,coffee
coffee/guaranesia.T4544.B4608.L5696.R5760.jpg,coffee
noncoffee/montesanto.T7232.B7296.L3456.R3520.jpg,noncoffee
coffee/montesanto.T7808.B7872.L3392.R3456.jpg,coffee
coffee/guaranesia.T1600.B1664.L6528.R6592.jpg,coffee
noncoffee/montesanto.T1664.B1728.L7040.R7104.jpg,noncoffee
noncoffee/arceburgo.T64.B128.L4672.R4736.jpg,noncoffee
noncoffee/montesanto.T10176.B10240.L10496.R10560.jpg,noncoffee
coffee/guaxupe.T3264.B3328.L3712.R3776.jpg,coffee
coffee/montesanto.T8384.B8448.L3904.R3968.jpg,coffee
coffee/guaxupe.T2176.B2240.L3520.R3584.jpg,coffee
noncoffee/montesanto.T8320.B8384.L5312.R5376.jpg,noncoffee
coffee/guaranesia.T4736.B4800.L5504.R5568.jpg,coffee
coffee/montesanto.T4288.B4352.L2624.R2688.jpg,coffee
noncoffee/guaranesia.T2560.B2624.L3840.R3904.jpg,noncoffee
coffee/montesanto.T6912.B6976.L7296.R7360.jpg,coffee
noncoffee/guaranesia.T9344.B9408.L896.R960.jpg,noncoffee
noncoffee/arceburgo.T2752.B2816.L4288.R4352.jpg,noncoffee
noncoffee/guaxupe.T7424.B7488.L2240.R2304.jpg,noncoffee
coffee/guaranesia.T3712.B3776.L5184.R5248.jpg,coffee
noncoffee/montesanto.T7360.B7424.L8960.R9024.jpg,noncoffee
coffee/montesanto.T1408.B1472.L6848.R6912.jpg,coffee
coffee/guaxupe.T5888.B5952.L6400.R6464.jpg,coffee
coffee/montesanto.T4992.B5056.L12864.R12928.jpg,coffee
coffee/guaxupe.T8448.B8512.L5120.R5184.jpg,coffee
coffee/guaranesia.T2944.B3008.L5376.R5440.jpg,coffee
coffee/guaranesia.T768.B832.L3648.R3712.jpg,coffee
coffee/montesanto.T6400.B6464.L6912.R6976.jpg,coffee
coffee/montesanto.T5312.B5376.L10944.R11008.jpg,coffee
noncoffee/arceburgo.T1024.B1088.L2624.R2688.jpg,noncoffee
coffee/montesanto.T6848.B6912.L9088.R9152.jpg,coffee
coffee/guaxupe.T4608.B4672.L2816.R2880.jpg,coffee
coffee/montesanto.T5056.B5120.L1536.R1600.jpg,coffee
noncoffee/montesanto.T7552.B7616.L11264.R11328.jpg,noncoffee
coffee/montesanto.T7872.B7936.L7872.R7936.jpg,coffee
noncoffee/arceburgo.T1280.B1344.L2112.R2176.jpg,noncoffee
coffee/montesanto.T5312.B5376.L1344.R1408.jpg,coffee
coffee/montesanto.T6528.B6592.L9024.R9088.jpg,coffee
noncoffee/guaranesia.T10496.B10560.L1472.R1536.jpg,noncoffee
noncoffee/montesanto.T7168.B7232.L11456.R11520.jpg,noncoffee
coffee/guaxupe.T4864.B4928.L1984.R2048.jpg,coffee
coffee/guaranesia.T5120.B5184.L5376.R5440.jpg,coffee
noncoffee/guaranesia.T4352.B4416.L3264.R3328.jpg,noncoffee
coffee/guaxupe.T8576.B8640.L3136.R3200.jpg,coffee
coffee/arceburgo.T384.B448.L5056.R5120.jpg,coffee
noncoffee/montesanto.T10688.B10752.L5376.R5440.jpg,noncoffee
noncoffee/montesanto.T4800.B4864.L8640.R8704.jpg,noncoffee
coffee/montesanto.T7744.B7808.L8128.R8192.jpg,coffee
coffee/montesanto.T8832.B8896.L5760.R5824.jpg,coffee
coffee/montesanto.T5504.B5568.L4480.R4544.jpg,coffee
coffee/montesanto.T8128.B8192.L3264.R3328.jpg,coffee
noncoffee/arceburgo.T4736.B4800.L1088.R1152.jpg,noncoffee
noncoffee/guaranesia.T6656.B6720.L3840.R3904.jpg,noncoffee
noncoffee/montesanto.T5056.B5120.L3776.R3840.jpg,noncoffee
coffee/guaxupe.T4160.B4224.L4864.R4928.jpg,coffee
coffee/guaxupe.T2688.B2752.L4928.R4992.jpg,coffee
coffee/guaranesia.T3584.B3648.L5120.R5184.jpg,coffee
noncoffee/montesanto.T9408.B9472.L8192.R8256.jpg,noncoffee
noncoffee/guaxupe.T6976.B7040.L768.R832.jpg,noncoffee
coffee/guaxupe.T4800.B4864.L1984.R2048.jpg,coffee
coffee/montesanto.T9280.B9344.L5760.R5824.jpg,coffee
noncoffee/guaranesia.T10688.B10752.L960.R1024.jpg,noncoffee
coffee/montesanto.T7872.B7936.L4736.R4800.jpg,coffee
noncoffee/montesanto.T5312.B5376.L1792.R1856.jpg,noncoffee
noncoffee/arceburgo.T2176.B2240.L4416.R4480.jpg,noncoffee
noncoffee/montesanto.T7104.B7168.L8832.R8896.jpg,noncoffee
coffee/arceburgo.T960.B1024.L4416.R4480.jpg,coffee
noncoffee/arceburgo.T2176.B2240.L4352.R4416.jpg,noncoffee
noncoffee/arceburgo.T4160.B4224.L2304.R2368.jpg,noncoffee
coffee/guaxupe.T2496.B2560.L3264.R3328.jpg,coffee
noncoffee/guaxupe.T6208.B6272.L4608.R4672.jpg,noncoffee
coffee/guaranesia.T4608.B4672.L5824.R5888.jpg,coffee
noncoffee/guaranesia.T6912.B6976.L3328.R3392.jpg,noncoffee
coffee/guaranesia.T1280.B1344.L5120.R5184.jpg,coffee
coffee/guaxupe.T8192.B8256.L3008.R3072.jpg,coffee
coffee/guaxupe.T3200.B3264.L1984.R2048.jpg,coffee
noncoffee/montesanto.T8896.B8960.L6464.R6528.jpg,noncoffee
coffee/arceburgo.T704.B768.L5248.R5312.jpg,coffee
coffee/montesanto.T3392.B3456.L10496.R10560.jpg,coffee
coffee/guaxupe.T4416.B4480.L1728.R1792.jpg,coffee
noncoffee/guaranesia.T6016.B6080.L4608.R4672.jpg,noncoffee
coffee/montesanto.T6528.B6592.L2176.R2240.jpg,coffee
noncoffee/guaranesia.T3392.B3456.L3008.R3072.jpg,noncoffee
noncoffee/guaxupe.T5184.B5248.L1984.R2048.jpg,noncoffee
noncoffee/guaranesia.T6016.B6080.L4096.R4160.jpg,noncoffee
noncoffee/montesanto.T2880.B2944.L8384.R8448.jpg,noncoffee
noncoffee/montesanto.T1408.B1472.L10624.R10688.jpg,noncoffee
coffee/montesanto.T5248.B5312.L1152.R1216.jpg,coffee
coffee/montesanto.T7680.B7744.L5952.R6016.jpg,coffee
noncoffee/montesanto.T3648.B3712.L12672.R12736.jpg,noncoffee
coffee/guaxupe.T9920.B9984.L2432.R2496.jpg,coffee
coffee/guaranesia.T9408.B9472.L4928.R4992.jpg,coffee
noncoffee/arceburgo.T6208.B6272.L2048.R2112.jpg,noncoffee
noncoffee/montesanto.T4224.B4288.L7744.R7808.jpg,noncoffee
noncoffee/guaxupe.T5248.B5312.L4544.R4608.jpg,noncoffee
coffee/montesanto.T6976.B7040.L9472.R9536.jpg,coffee
noncoffee/guaranesia.T4416.B4480.L3328.R3392.jpg,noncoffee
coffee/guaxupe.T2432.B2496.L4288.R4352.jpg,coffee
coffee/guaxupe.T3584.B3648.L3712.R3776.jpg,coffee
coffee/arceburgo.T2432.B2496.L4992.R5056.jpg,coffee
noncoffee/montesanto.T7232.B7296.L6784.R6848.jpg,noncoffee
noncoffee/montesanto.T8896.B8960.L6144.R6208.jpg,noncoffee
noncoffee/montesanto.T12224.B12288.L5440.R5504.jpg,noncoffee
coffee/montesanto.T6912.B6976.L7232.R7296.jpg,coffee
noncoffee/guaxupe.T8000.B8064.L4480.R4544.jpg,noncoffee
noncoffee/montesanto.T3968.B4032.L5376.R5440.jpg,noncoffee
noncoffee/montesanto.T5504.B5568.L6592.R6656.jpg,noncoffee
coffee/montesanto.T6912.B6976.L10624.R10688.jpg,coffee
noncoffee/guaranesia.T8256.B8320.L2752.R2816.jpg,noncoffee
noncoffee/arceburgo.T3904.B3968.L2816.R2880.jpg,noncoffee
coffee/montesanto.T8512.B8576.L3648.R3712.jpg,coffee
coffee/guaranesia.T7296.B7360.L2752.R2816.jpg,coffee
coffee/montesanto.T4608.B4672.L10176.R10240.jpg,coffee
noncoffee/montesanto.T10944.B11008.L4800.R4864.jpg,noncoffee
coffee/montesanto.T4288.B4352.L1024.R1088.jpg,coffee
noncoffee/montesanto.T5952.B6016.L7040.R7104.jpg,noncoffee
noncoffee/montesanto.T5824.B5888.L3840.R3904.jpg,noncoffee
coffee/montesanto.T6016.B6080.L3520.R3584.jpg,coffee
coffee/montesanto.T5888.B5952.L10112.R10176.jpg,coffee
coffee/guaxupe.T8000.B8064.L1408.R1472.jpg,coffee
coffee/guaxupe.T8704.B8768.L5056.R5120.jpg,coffee
coffee/arceburgo.T2304.B2368.L4992.R5056.jpg,coffee
noncoffee/guaranesia.T8384.B8448.L3392.R3456.jpg,noncoffee
coffee/guaxupe.T2368.B2432.L4224.R4288.jpg,coffee
noncoffee/arceburgo.T1984.B2048.L1984.R2048.jpg,noncoffee
coffee/montesanto.T6592.B6656.L2560.R2624.jpg,coffee
coffee/montesanto.T448.B512.L7680.R7744.jpg,coffee
coffee/arceburgo.T3968.B4032.L4224.R4288.jpg,coffee
coffee/montesanto.T8256.B8320.L4224.R4288.jpg,coffee
noncoffee/arceburgo.T2304.B2368.L3840.R3904.jpg,noncoffee
noncoffee/guaranesia.T2304.B2368.L6400.R6464.jpg,noncoffee
coffee/guaxupe.T4928.B4992.L832.R896.jpg,coffee
noncoffee/guaranesia.T8512.B8576.L4096.R4160.jpg,noncoffee
coffee/arceburgo.T4416.B4480.L5248.R5312.jpg,coffee
coffee/guaxupe.T3520.B3584.L3328.R3392.jpg,coffee
coffee/guaxupe.T8448.B8512.L5248.R5312.jpg,coffee
coffee/montesanto.T8320.B8384.L4288.R4352.jpg,coffee
noncoffee/montesanto.T4608.B4672.L8896.R8960.jpg,noncoffee
coffee/guaranesia.T6848.B6912.L4928.R4992.jpg,coffee
coffee/montesanto.T7936.B8000.L4608.R4672.jpg,coffee
coffee/montesanto.T8192.B8256.L3200.R3264.jpg,coffee
coffee/guaxupe.T5184.B5248.L5952.R6016.jpg,coffee
coffee/guaxupe.T704.B768.L3328.R3392.jpg,coffee
noncoffee/guaxupe.T5312.B5376.L640.R704.jpg,noncoffee
coffee/montesanto.T9344.B9408.L5184.R5248.jpg,coffee
coffee/montesanto.T6464.B6528.L2816.R2880.jpg,coffee
noncoffee/montesanto.T6848.B6912.L5696.R5760.jpg,noncoffee
coffee/guaxupe.T8000.B8064.L5120.R5184.jpg,coffee
coffee/guaranesia.T2368.B2432.L2944.R3008.jpg,coffee
coffee/guaranesia.T3392.B3456.L6528.R6592.jpg,coffee
noncoffee/montesanto.T3456.B3520.L7360.R7424.jpg,noncoffee
coffee/montesanto.T5888.B5952.L6784.R6848.jpg,coffee
coffee/guaranesia.T3392.B3456.L5824.R5888.jpg,coffee
coffee/guaranesia.T3072.B3136.L5440.R5504.jpg,coffee
noncoffee/arceburgo.T5120.B5184.L1344.R1408.jpg,noncoffee
coffee/montesanto.T6144.B6208.L9088.R9152.jpg,coffee
noncoffee/arceburgo.T704.B768.L2624.R2688.jpg,noncoffee
coffee/guaranesia.T3072.B3136.L5568.R5632.jpg,coffee
noncoffee/montesanto.T5568.B5632.L3968.R4032.jpg,noncoffee
coffee/montesanto.T5696.B5760.L5056.R5120.jpg,coffee
coffee/guaranesia.T768.B832.L5824.R5888.jpg,coffee
noncoffee/guaranesia.T2112.B2176.L5184.R5248.jpg,noncoffee
noncoffee/guaxupe.T4032.B4096.L3456.R3520.jpg,noncoffee
noncoffee/arceburgo.T3136.B3200.L4992.R5056.jpg,noncoffee
coffee/montesanto.T6016.B6080.L11072.R11136.jpg,coffee
noncoffee/guaranesia.T10240.B10304.L1984.R2048.jpg,noncoffee
noncoffee/arceburgo.T1664.B1728.L4032.R4096.jpg,noncoffee
noncoffee/montesanto.T10112.B10176.L3712.R3776.jpg,noncoffee
coffee/montesanto.T4032.B4096.L6208.R6272.jpg,coffee
noncoffee/guaranesia.T7104.B7168.L5184.R5248.jpg,noncoffee
noncoffee/guaranesia.T3392.B3456.L2560.R2624.jpg,noncoffee
coffee/montesanto.T5440.B5504.L7936.R8000.jpg,coffee
noncoffee/guaxupe.T8384.B8448.L960.R1024.jpg,noncoffee
noncoffee/montesanto.T4224.B4288.L10048.R10112.jpg,noncoffee
noncoffee/arceburgo.T5120.B5184.L4928.R4992.jpg,noncoffee
noncoffee/montesanto.T6720.B6784.L2304.R2368.jpg,noncoffee
noncoffee/montesanto.T11264.B11328.L3840.R3904.jpg,noncoffee
noncoffee/montesanto.T832.B896.L7360.R7424.jpg,noncoffee
noncoffee/guaranesia.T8960.B9024.L1344.R1408.jpg,noncoffee
noncoffee/guaranesia.T7552.B7616.L768.R832.jpg,noncoffee
noncoffee/guaranesia.T8960.B9024.L640.R704.jpg,noncoffee
coffee/guaxupe.T5824.B5888.L5504.R5568.jpg,coffee
coffee/guaxupe.T8128.B8192.L4928.R4992.jpg,coffee
noncoffee/guaranesia.T5824.B5888.L2944.R3008.jpg,noncoffee
noncoffee/guaxupe.T3840.B3904.L4096.R4160.jpg,noncoffee
coffee/guaxupe.T1920.B1984.L4480.R4544.jpg,coffee
noncoffee/montesanto.T5888.B5952.L5824.R5888.jpg,noncoffee
coffee/guaxupe.T8320.B8384.L5376.R5440.jpg,coffee
coffee/montesanto.T8576.B8640.L6912.R6976.jpg,coffee
coffee/montesanto.T6016.B6080.L12160.R12224.jpg,coffee
noncoffee/arceburgo.T4480.B4544.L3392.R3456.jpg,noncoffee
noncoffee/montesanto.T8512.B8576.L9984.R10048.jpg,noncoffee
noncoffee/montesanto.T960.B1024.L9472.R9536.jpg,noncoffee
coffee/guaxupe.T1408.B1472.L2688.R2752.jpg,coffee
noncoffee/montesanto.T12608.B12672.L5312.R5376.jpg,noncoffee
coffee/guaranesia.T8704.B8768.L1216.R1280.jpg,coffee
coffee/montesanto.T9408.B9472.L4864.R4928.jpg,coffee
noncoffee/guaxupe.T3776.B3840.L2880.R2944.jpg,noncoffee
coffee/montesanto.T4928.B4992.L3200.R3264.jpg,coffee
coffee/guaxupe.T3136.B3200.L1984.R2048.jpg,coffee
noncoffee/arceburgo.T2880.B2944.L3840.R3904.jpg,noncoffee
coffee/guaxupe.T5632.B5696.L5440.R5504.jpg,coffee
coffee/guaxupe.T6976.B7040.L1664.R1728.jpg,coffee
coffee/guaxupe.T8576.B8640.L3072.R3136.jpg,coffee
noncoffee/montesanto.T3328.B3392.L3264.R3328.jpg,noncoffee
coffee/montesanto.T5888.B5952.L1344.R1408.jpg,coffee
noncoffee/montesanto.T2816.B2880.L6912.R6976.jpg,noncoffee
coffee/montesanto.T8704.B8768.L5760.R5824.jpg,coffee
noncoffee/guaranesia.T3008.B3072.L4928.R4992.jpg,noncoffee
noncoffee/arceburgo.T2432.B2496.L4096.R4160.jpg,noncoffee
coffee/montesanto.T9024.B9088.L5504.R5568.jpg,coffee
coffee/guaranesia.T2816.B2880.L3008.R3072.jpg,coffee
coffee/arceburgo.T2688.B2752.L1792.R1856.jpg,coffee
coffee/guaxupe.T8128.B8192.L3008.R3072.jpg,coffee
coffee/montesanto.T7744.B7808.L9920.R9984.jpg,coffee
noncoffee/guaranesia.T1472.B1536.L6272.R6336.jpg,noncoffee
noncoffee/montesanto.T9344.B9408.L7488.R7552.jpg,noncoffee
noncoffee/montesanto.T4480.B4544.L6912.R6976.jpg,noncoffee
coffee/guaranesia.T768.B832.L3904.R3968.jpg,coffee
coffee/montesanto.T7936.B8000.L10176.R10240.jpg,coffee
coffee/guaxupe.T9024.B9088.L3008.R3072.jpg,coffee
noncoffee/montesanto.T768.B832.L10240.R10304.jpg,noncoffee
noncoffee/montesanto.T8704.B8768.L6400.R6464.jpg,noncoffee
noncoffee/montesanto.T1600.B1664.L9600.R9664.jpg,noncoffee
noncoffee/montesanto.T3968.B4032.L3072.R3136.jpg,noncoffee
noncoffee/arceburgo.T3840.B3904.L1920.R1984.jpg,noncoffee
noncoffee/montesanto.T12160.B12224.L4864.R4928.jpg,noncoffee
noncoffee/guaxupe.T6208.B6272.L6464.R6528.jpg,noncoffee
coffee/montesanto.T6528.B6592.L4416.R4480.jpg,coffee
noncoffee/guaxupe.T5696.B5760.L2624.R2688.jpg,noncoffee
noncoffee/guaranesia.T9472.B9536.L1088.R1152.jpg,noncoffee
noncoffee/montesanto.T2688.B2752.L9344.R9408.jpg,noncoffee
noncoffee/guaranesia.T4672.B4736.L3328.R3392.jpg,noncoffee
noncoffee/montesanto.T1920.B1984.L8320.R8384.jpg,noncoffee
coffee/guaranesia.T7616.B7680.L2816.R2880.jpg,coffee
noncoffee/montesanto.T8512.B8576.L3200.R3264.jpg,noncoffee
noncoffee/montesanto.T4928.B4992.L576.R640.jpg,noncoffee
noncoffee/montesanto.T2944.B3008.L10432.R10496.jpg,noncoffee
noncoffee/guaxupe.T8320.B8384.L3584.R3648.jpg,noncoffee
noncoffee/guaxupe.T4416.B4480.L768.R832.jpg,noncoffee
noncoffee/montesanto.T2944.B3008.L10112.R10176.jpg,noncoffee
noncoffee/guaxupe.T9728.B9792.L2560.R2624.jpg,noncoffee
coffee/montesanto.T4288.B4352.L4672.R4736.jpg,coffee
coffee/guaranesia.T10112.B10176.L1024.R1088.jpg,coffee
coffee/guaxupe.T4992.B5056.L6208.R6272.jpg,coffee
coffee/montesanto.T7360.B7424.L4480.R4544.jpg,coffee
coffee/guaranesia.T7168.B7232.L2752.R2816.jpg,coffee
coffee/guaxupe.T8896.B8960.L2880.R2944.jpg,coffee
noncoffee/guaranesia.T3008.B3072.L4160.R4224.jpg,noncoffee
coffee/guaxupe.T2496.B2560.L5568.R5632.jpg,coffee
noncoffee/guaranesia.T7616.B7680.L5568.R5632.jpg,noncoffee
coffee/montesanto.T9536.B9600.L5184.R5248.jpg,coffee
noncoffee/guaranesia.T5056.B5120.L4544.R4608.jpg,noncoffee
coffee/montesanto.T4544.B4608.L1472.R1536.jpg,coffee
coffee/guaxupe.T1728.B1792.L2752.R2816.jpg,coffee
noncoffee/guaranesia.T5824.B5888.L1984.R2048.jpg,noncoffee
noncoffee/arceburgo.T1280.B1344.L2688.R2752.jpg,noncoffee
noncoffee/montesanto.T5056.B5120.L7488.R7552.jpg,noncoffee
coffee/guaxupe.T1216.B1280.L4096.R4160.jpg,coffee
noncoffee/montesanto.T7488.B7552.L7744.R7808.jpg,noncoffee
noncoffee/montesanto.T1984.B2048.L10432.R10496.jpg,noncoffee
coffee/montesanto.T6208.B6272.L768.R832.jpg,coffee
coffee/montesanto.T6912.B6976.L7360.R7424.jpg,coffee
noncoffee/guaranesia.T5056.B5120.L2560.R2624.jpg,noncoffee
noncoffee/montesanto.T8256.B8320.L8064.R8128.jpg,noncoffee
noncoffee/guaxupe.T6336.B6400.L5632.R5696.jpg,noncoffee
coffee/guaranesia.T4160.B4224.L2560.R2624.jpg,coffee
coffee/montesanto.T3264.B3328.L11328.R11392.jpg,coffee
coffee/arceburgo.T2816.B2880.L4416.R4480.jpg,coffee
coffee/montesanto.T5568.B5632.L4416.R4480.jpg,coffee
noncoffee/guaxupe.T6592.B6656.L4160.R4224.jpg,noncoffee
noncoffee/guaranesia.T6720.B6784.L2944.R3008.jpg,noncoffee
coffee/montesanto.T8064.B8128.L4928.R4992.jpg,coffee
coffee/montesanto.T8768.B8832.L5824.R5888.jpg,coffee
noncoffee/arceburgo.T5312.B5376.L3392.R3456.jpg,noncoffee
noncoffee/montesanto.T9536.B9600.L9856.R9920.jpg,noncoffee
coffee/montesanto.T8576.B8640.L9216.R9280.jpg,coffee
coffee/arceburgo.T4480.B4544.L5312.R5376.jpg,coffee
noncoffee/montesanto.T8000.B8064.L2048.R2112.jpg,noncoffee
coffee/guaxupe.T2304.B2368.L4544.R4608.jpg,coffee
noncoffee/montesanto.T4160.B4224.L6400.R6464.jpg,noncoffee
coffee/montesanto.T7040.B7104.L11200.R11264.jpg,coffee
noncoffee/guaxupe.T4992.B5056.L2560.R2624.jpg,noncoffee
coffee/montesanto.T4480.B4544.L768.R832.jpg,coffee
coffee/montesanto.T6080.B6144.L9216.R9280.jpg,coffee
coffee/guaxupe.T8064.B8128.L5120.R5184.jpg,coffee
coffee/montesanto.T7296.B7360.L5696.R5760.jpg,coffee
coffee/montesanto.T10240.B10304.L5632.R5696.jpg,coffee
coffee/montesanto.T8128.B8192.L3200.R3264.jpg,coffee
noncoffee/arceburgo.T1024.B1088.L3712.R3776.jpg,noncoffee
coffee/arceburgo.T1152.B1216.L4480.R4544.jpg,coffee
noncoffee/guaxupe.T5056.B5120.L1408.R1472.jpg,noncoffee
coffee/guaranesia.T3904.B3968.L5952.R6016.jpg,coffee
noncoffee/arceburgo.T704.B768.L4288.R4352.jpg,noncoffee
coffee/montesanto.T8000.B8064.L8704.R8768.jpg,coffee
noncoffee/montesanto.T3904.B3968.L5632.R5696.jpg,noncoffee
noncoffee/guaranesia.T7616.B7680.L4544.R4608.jpg,noncoffee
noncoffee/montesanto.T8896.B8960.L9024.R9088.jpg,noncoffee
noncoffee/montesanto.T8256.B8320.L4800.R4864.jpg,noncoffee
coffee/guaxupe.T1600.B1664.L2432.R2496.jpg,coffee
coffee/arceburgo.T4032.B4096.L4224.R4288.jpg,coffee
noncoffee/montesanto.T7808.B7872.L6592.R6656.jpg,noncoffee
coffee/montesanto.T4992.B5056.L12800.R12864.jpg,coffee
coffee/guaxupe.T7680.B7744.L1536.R1600.jpg,coffee
noncoffee/guaxupe.T7488.B7552.L960.R1024.jpg,noncoffee
coffee/guaranesia.T8704.B8768.L1280.R1344.jpg,coffee
coffee/guaranesia.T5504.B5568.L3392.R3456.jpg,coffee
coffee/guaxupe.T8192.B8256.L1344.R1408.jpg,coffee
coffee/montesanto.T2816.B2880.L7808.R7872.jpg,coffee
noncoffee/guaxupe.T7936.B8000.L1088.R1152.jpg,noncoffee
coffee/guaranesia.T8512.B8576.L1280.R1344.jpg,coffee
coffee/montesanto.T4992.B5056.L1472.R1536.jpg,coffee
noncoffee/guaxupe.T2048.B2112.L2432.R2496.jpg,noncoffee
noncoffee/montesanto.T5184.B5248.L6528.R6592.jpg,noncoffee
noncoffee/montesanto.T10432.B10496.L3520.R3584.jpg,noncoffee
noncoffee/guaranesia.T8256.B8320.L2688.R2752.jpg,noncoffee
noncoffee/guaxupe.T8320.B8384.L3648.R3712.jpg,noncoffee
noncoffee/montesanto.T8128.B8192.L8512.R8576.jpg,noncoffee
noncoffee/montesanto.T1408.B1472.L8576.R8640.jpg,noncoffee
noncoffee/arceburgo.T2176.B2240.L2368.R2432.jpg,noncoffee
noncoffee/arceburgo.T1600.B1664.L4672.R4736.jpg,noncoffee
coffee/guaxupe.T2816.B2880.L4480.R4544.jpg,coffee
coffee/montesanto.T5184.B5248.L1280.R1344.jpg,coffee
noncoffee/montesanto.T3776.B3840.L5952.R6016.jpg,noncoffee
noncoffee/montesanto.T12480.B12544.L5120.R5184.jpg,noncoffee
coffee/guaranesia.T5568.B5632.L3520.R3584.jpg,coffee
noncoffee/guaxupe.T8512.B8576.L1216.R1280.jpg,noncoffee
coffee/montesanto.T7104.B7168.L11072.R11136.jpg,coffee
coffee/montesanto.T6272.B6336.L7424.R7488.jpg,coffee
coffee/guaxupe.T384.B448.L5184.R5248.jpg,coffee
noncoffee/guaranesia.T6400.B6464.L1792.R1856.jpg,noncoffee
coffee/montesanto.T4992.B5056.L3264.R3328.jpg,coffee
coffee/montesanto.T6016.B6080.L11200.R11264.jpg,coffee
noncoffee/arceburgo.T4416.B4480.L2688.R2752.jpg,noncoffee
noncoffee/guaranesia.T1216.B1280.L3392.R3456.jpg,noncoffee
noncoffee/montesanto.T3776.B3840.L9600.R9664.jpg,noncoffee
noncoffee/arceburgo.T5376.B5440.L1408.R1472.jpg,noncoffee
noncoffee/montesanto.T9216.B9280.L4736.R4800.jpg,noncoffee
coffee/montesanto.T8512.B8576.L10432.R10496.jpg,coffee
noncoffee/montesanto.T2048.B2112.L10752.R10816.jpg,noncoffee
noncoffee/guaranesia.T1152.B1216.L5632.R5696.jpg,noncoffee
coffee/guaranesia.T3456.B3520.L5248.R5312.jpg,coffee
coffee/montesanto.T4992.B5056.L7808.R7872.jpg,coffee
coffee/guaranesia.T4224.B4288.L5824.R5888.jpg,coffee
noncoffee/guaranesia.T6528.B6592.L4352.R4416.jpg,noncoffee
noncoffee/guaxupe.T6080.B6144.L1600.R1664.jpg,noncoffee
coffee/arceburgo.T576.B640.L2432.R2496.jpg,coffee
coffee/montesanto.T8320.B8384.L4224.R4288.jpg,coffee
coffee/montesanto.T4672.B4736.L8704.R8768.jpg,coffee
coffee/guaxupe.T1344.B1408.L5376.R5440.jpg,coffee
noncoffee/montesanto.T1152.B1216.L8768.R8832.jpg,noncoffee
coffee/guaxupe.T6656.B6720.L3648.R3712.jpg,coffee
noncoffee/guaxupe.T3392.B3456.L3776.R3840.jpg,noncoffee
noncoffee/montesanto.T3584.B3648.L9344.R9408.jpg,noncoffee
noncoffee/guaxupe.T2752.B2816.L5632.R5696.jpg,noncoffee
coffee/guaxupe.T2688.B2752.L4352.R4416.jpg,coffee
noncoffee/guaxupe.T4992.B5056.L1920.R1984.jpg,noncoffee
noncoffee/guaranesia.T9344.B9408.L4736.R4800.jpg,noncoffee
noncoffee/montesanto.T2560.B2624.L10816.R10880.jpg,noncoffee
coffee/guaxupe.T4480.B4544.L6144.R6208.jpg,coffee
coffee/arceburgo.T896.B960.L4416.R4480.jpg,coffee
noncoffee/guaranesia.T8128.B8192.L5376.R5440.jpg,noncoffee
noncoffee/arceburgo.T4736.B4800.L2560.R2624.jpg,noncoffee
coffee/guaxupe.T5248.B5312.L5888.R5952.jpg,coffee
coffee/montesanto.T8256.B8320.L4544.R4608.jpg,coffee
coffee/montesanto.T8832.B8896.L5632.R5696.jpg,coffee
noncoffee/arceburgo.T5120.B5184.L1088.R1152.jpg,noncoffee
coffee/guaxupe.T8256.B8320.L5696.R5760.jpg,coffee
coffee/arceburgo.T1152.B1216.L4416.R4480.jpg,coffee
coffee/guaxupe.T4352.B4416.L2304.R2368.jpg,coffee
noncoffee/guaranesia.T2304.B2368.L4672.R4736.jpg,noncoffee
coffee/guaranesia.T5696.B5760.L3392.R3456.jpg,coffee
coffee/montesanto.T6016.B6080.L10112.R10176.jpg,coffee
coffee/montesanto.T8000.B8064.L4672.R4736.jpg,coffee
noncoffee/guaxupe.T4544.B4608.L5760.R5824.jpg,noncoffee
noncoffee/montesanto.T5312.B5376.L960.R1024.jpg,noncoffee
coffee/montesanto.T8448.B8512.L4032.R4096.jpg,coffee
noncoffee/guaxupe.T4672.B4736.L3008.R3072.jpg,noncoffee
coffee/guaxupe.T1152.B1216.L2240.R2304.jpg,coffee
noncoffee/guaranesia.T7296.B7360.L1024.R1088.jpg,noncoffee
noncoffee/arceburgo.T5056.B5120.L4032.R4096.jpg,noncoffee
noncoffee/arceburgo.T2816.B2880.L4096.R4160.jpg,noncoffee
coffee/guaxupe.T4608.B4672.L2880.R2944.jpg,coffee
noncoffee/montesanto.T11648.B11712.L4608.R4672.jpg,noncoffee
coffee/guaxupe.T3008.B3072.L4928.R4992.jpg,coffee
coffee/guaranesia.T7744.B7808.L5056.R5120.jpg,coffee
noncoffee/montesanto.T8768.B8832.L6720.R6784.jpg,noncoffee
coffee/montesanto.T8064.B8128.L10048.R10112.jpg,coffee
coffee/guaxupe.T7104.B7168.L1664.R1728.jpg,coffee
coffee/guaxupe.T2240.B2304.L5824.R5888.jpg,coffee
coffee/guaxupe.T1536.B1600.L1984.R2048.jpg,coffee
noncoffee/montesanto.T11072.B11136.L6144.R6208.jpg,noncoffee
coffee/montesanto.T4288.B4352.L2752.R2816.jpg,coffee
noncoffee/guaxupe.T4096.B4160.L2880.R2944.jpg,noncoffee
noncoffee/montesanto.T2752.B2816.L9984.R10048.jpg,noncoffee
coffee/guaranesia.T3200.B3264.L6208.R6272.jpg,coffee
noncoffee/montesanto.T3008.B3072.L13312.R13376.jpg,noncoffee
coffee/guaxupe.T1152.B1216.L3392.R3456.jpg,coffee
coffee/montesanto.T5504.B5568.L8256.R8320.jpg,coffee
coffee/montesanto.T4224.B4288.L10304.R10368.jpg,coffee
noncoffee/guaranesia.T7616.B7680.L3200.R3264.jpg,noncoffee
coffee/montesanto.T8192.B8256.L4224.R4288.jpg,coffee
coffee/montesanto.T5888.B5952.L7232.R7296.jpg,coffee
coffee/montesanto.T7872.B7936.L4800.R4864.jpg,coffee
coffee/montesanto.T10432.B10496.L4928.R4992.jpg,coffee
coffee/guaranesia.T4480.B4544.L7488.R7552.jpg,coffee
coffee/montesanto.T7040.B7104.L9536.R9600.jpg,coffee
coffee/montesanto.T10240.B10304.L5696.R5760.jpg,coffee
noncoffee/montesanto.T5952.B6016.L1408.R1472.jpg,noncoffee
noncoffee/montesanto.T4224.B4288.L11968.R12032.jpg,noncoffee
coffee/guaxupe.T8256.B8320.L2944.R3008.jpg,coffee
coffee/guaxupe.T4096.B4160.L6272.R6336.jpg,coffee
noncoffee/montesanto.T6912.B6976.L7808.R7872.jpg,noncoffee
noncoffee/montesanto.T3328.B3392.L13248.R13312.jpg,noncoffee
coffee/montesanto.T4288.B4352.L2688.R2752.jpg,coffee
coffee/montesanto.T7360.B7424.L5824.R5888.jpg,coffee
noncoffee/guaxupe.T5632.B5696.L1920.R1984.jpg,noncoffee
noncoffee/montesanto.T5504.B5568.L3264.R3328.jpg,noncoffee
noncoffee/montesanto.T4416.B4480.L6528.R6592.jpg,noncoffee
coffee/guaxupe.T3264.B3328.L3520.R3584.jpg,coffee
coffee/guaxupe.T2688.B2752.L5504.R5568.jpg,coffee
noncoffee/guaxupe.T7808.B7872.L1984.R2048.jpg,noncoffee
coffee/arceburgo.T2624.B2688.L4032.R4096.jpg,coffee
noncoffee/montesanto.T2688.B2752.L13184.R13248.jpg,noncoffee
coffee/guaranesia.T5376.B5440.L3456.R3520.jpg,coffee
coffee/montesanto.T4928.B4992.L3264.R3328.jpg,coffee
coffee/montesanto.T9600.B9664.L5120.R5184.jpg,coffee
coffee/guaranesia.T3520.B3584.L5312.R5376.jpg,coffee
coffee/montesanto.T6720.B6784.L8896.R8960.jpg,coffee
coffee/montesanto.T1920.B1984.L11456.R11520.jpg,coffee
coffee/montesanto.T5120.B5184.L3584.R3648.jpg,coffee
coffee/montesanto.T7680.B7744.L10240.R10304.jpg,coffee
noncoffee/guaxupe.T5440.B5504.L2368.R2432.jpg,noncoffee
noncoffee/montesanto.T6592.B6656.L11136.R11200.jpg,noncoffee
noncoffee/arceburgo.T3840.B3904.L4160.R4224.jpg,noncoffee
coffee/montesanto.T9600.B9664.L4992.R5056.jpg,coffee
coffee/montesanto.T5504.B5568.L4416.R4480.jpg,coffee
coffee/guaxupe.T4672.B4736.L2816.R2880.jpg,coffee
coffee/montesanto.T7296.B7360.L4480.R4544.jpg,coffee
coffee/guaranesia.T7872.B7936.L4352.R4416.jpg,coffee
noncoffee/guaranesia.T2240.B2304.L2752.R2816.jpg,noncoffee
noncoffee/montesanto.T5696.B5760.L6592.R6656.jpg,noncoffee
noncoffee/guaxupe.T768.B832.L4416.R4480.jpg,noncoffee
noncoffee/guaranesia.T4864.B4928.L5440.R5504.jpg,noncoffee
coffee/guaranesia.T832.B896.L3712.R3776.jpg,coffee
noncoffee/guaranesia.T1088.B1152.L4352.R4416.jpg,noncoffee
noncoffee/arceburgo.T5888.B5952.L4672.R4736.jpg,noncoffee
noncoffee/guaranesia.T3200.B3264.L4288.R4352.jpg,noncoffee
coffee/guaxupe.T2944.B3008.L3392.R3456.jpg,coffee
noncoffee/montesanto.T7040.B7104.L5184.R5248.jpg,noncoffee
noncoffee/arceburgo.T3456.B3520.L2496.R2560.jpg,noncoffee
coffee/montesanto.T5184.B5248.L5888.R5952.jpg,coffee
coffee/guaranesia.T6080.B6144.L3328.R3392.jpg,coffee
coffee/arceburgo.T896.B960.L4480.R4544.jpg,coffee
noncoffee/montesanto.T5504.B5568.L1984.R2048.jpg,noncoffee
coffee/montesanto.T9664.B9728.L4864.R4928.jpg,coffee
noncoffee/montesanto.T5824.B5888.L2432.R2496.jpg,noncoffee
noncoffee/arceburgo.T4928.B4992.L448.R512.jpg,noncoffee
noncoffee/guaranesia.T2752.B2816.L6400.R6464.jpg,noncoffee
coffee/montesanto.T8384.B8448.L4288.R4352.jpg,coffee
coffee/montesanto.T8000.B8064.L4928.R4992.jpg,coffee
coffee/montesanto.T5120.B5184.L1344.R1408.jpg,coffee
coffee/montesanto.T6080.B6144.L10944.R11008.jpg,coffee
coffee/guaranesia.T4608.B4672.L5760.R5824.jpg,coffee
coffee/guaranesia.T3584.B3648.L6528.R6592.jpg,coffee
noncoffee/guaranesia.T3200.B3264.L5888.R5952.jpg,noncoffee
noncoffee/montesanto.T3264.B3328.L5888.R5952.jpg,noncoffee
noncoffee/guaxupe.T4480.B4544.L1088.R1152.jpg,noncoffee
noncoffee/guaxupe.T5696.B5760.L1664.R1728.jpg,noncoffee
noncoffee/montesanto.T3776.B3840.L2496.R2560.jpg,noncoffee
coffee/montesanto.T8896.B8960.L5824.R5888.jpg,coffee
noncoffee/guaranesia.T4736.B4800.L4288.R4352.jpg,noncoffee
noncoffee/montesanto.T8000.B8064.L2304.R2368.jpg,noncoffee
coffee/guaxupe.T8192.B8256.L5568.R5632.jpg,coffee
coffee/montesanto.T5440.B5504.L8000.R8064.jpg,coffee
coffee/montesanto.T3072.B3136.L12672.R12736.jpg,coffee
noncoffee/montesanto.T7872.B7936.L5248.R5312.jpg,noncoffee
noncoffee/arceburgo.T6400.B6464.L1216.R1280.jpg,noncoffee
coffee/arceburgo.T2560.B2624.L3968.R4032.jpg,coffee
noncoffee/guaxupe.T4864.B4928.L1216.R1280.jpg,noncoffee
coffee/montesanto.T7936.B8000.L5120.R5184.jpg,coffee
noncoffee/guaranesia.T5568.B5632.L5056.R5120.jpg,noncoffee
noncoffee/montesanto.T4416.B4480.L448.R512.jpg,noncoffee
coffee/montesanto.T4992.B5056.L11072.R11136.jpg,coffee
coffee/montesanto.T6592.B6656.L4288.R4352.jpg,coffee
coffee/arceburgo.T1024.B1088.L4480.R4544.jpg,coffee
noncoffee/montesanto.T8192.B8256.L9152.R9216.jpg,noncoffee
coffee/montesanto.T9856.B9920.L5504.R5568.jpg,coffee
coffee/guaxupe.T1984.B2048.L3840.R3904.jpg,coffee
coffee/montesanto.T6336.B6400.L4096.R4160.jpg,coffee
coffee/montesanto.T5888.B5952.L8960.R9024.jpg,coffee
noncoffee/guaranesia.T4224.B4288.L4032.R4096.jpg,noncoffee
noncoffee/guaranesia.T1280.B1344.L3072.R3136.jpg,noncoffee
noncoffee/montesanto.T2880.B2944.L12672.R12736.jpg,noncoffee
noncoffee/guaxupe.T7872.B7936.L512.R576.jpg,noncoffee
noncoffee/guaxupe.T384.B448.L4416.R4480.jpg,noncoffee
coffee/montesanto.T5376.B5440.L9856.R9920.jpg,coffee
coffee/guaxupe.T8192.B8256.L2880.R2944.jpg,coffee
coffee/montesanto.T9088.B9152.L5632.R5696.jpg,coffee
coffee/montesanto.T5824.B5888.L7552.R7616.jpg,coffee
coffee/montesanto.T4992.B5056.L7232.R7296.jpg,coffee
coffee/guaranesia.T9408.B9472.L4864.R4928.jpg,coffee
coffee/guaxupe.T1664.B1728.L2688.R2752.jpg,coffee
coffee/guaxupe.T6592.B6656.L2944.R3008.jpg,coffee
noncoffee/montesanto.T6656.B6720.L10624.R10688.jpg,noncoffee
coffee/montesanto.T3008.B3072.L10624.R10688.jpg,coffee
noncoffee/montesanto.T2880.B2944.L10048.R10112.jpg,noncoffee
noncoffee/montesanto.T5504.B5568.L3392.R3456.jpg,noncoffee
noncoffee/montesanto.T6912.B6976.L7744.R7808.jpg,noncoffee
noncoffee/guaranesia.T8640.B8704.L896.R960.jpg,noncoffee
noncoffee/montesanto.T7232.B7296.L3968.R4032.jpg,noncoffee
coffee/guaxupe.T3456.B3520.L2432.R2496.jpg,coffee
noncoffee/montesanto.T7168.B7232.L8640.R8704.jpg,noncoffee
noncoffee/montesanto.T4672.B4736.L3584.R3648.jpg,noncoffee
noncoffee/montesanto.T5376.B5440.L2944.R3008.jpg,noncoffee
coffee/montesanto.T6912.B6976.L9088.R9152.jpg,coffee
noncoffee/arceburgo.T3328.B3392.L2944.R3008.jpg,noncoffee
noncoffee/montesanto.T6144.B6208.L1728.R1792.jpg,noncoffee
noncoffee/guaranesia.T9984.B10048.L2368.R2432.jpg,noncoffee
noncoffee/montesanto.T7360.B7424.L3776.R3840.jpg,noncoffee
noncoffee/guaranesia.T8640.B8704.L1600.R1664.jpg,noncoffee
noncoffee/guaranesia.T7680.B7744.L4224.R4288.jpg,noncoffee
coffee/montesanto.T4928.B4992.L4480.R4544.jpg,coffee
noncoffee/guaranesia.T128.B192.L4352.R4416.jpg,noncoffee
noncoffee/montesanto.T9920.B9984.L5824.R5888.jpg,noncoffee
coffee/montesanto.T8960.B9024.L5632.R5696.jpg,coffee
noncoffee/guaranesia.T2816.B2880.L6464.R6528.jpg,noncoffee
coffee/montesanto.T2112.B2176.L11840.R11904.jpg,coffee
coffee/montesanto.T8960.B9024.L5760.R5824.jpg,coffee
noncoffee/montesanto.T9216.B9280.L6720.R6784.jpg,noncoffee
coffee/arceburgo.T5504.B5568.L1152.R1216.jpg,coffee
noncoffee/guaxupe.T7488.B7552.L5504.R5568.jpg,noncoffee
noncoffee/montesanto.T1792.B1856.L9472.R9536.jpg,noncoffee
coffee/guaranesia.T3200.B3264.L5248.R5312.jpg,coffee
coffee/montesanto.T8192.B8256.L4480.R4544.jpg,coffee
noncoffee/guaxupe.T8256.B8320.L1728.R1792.jpg,noncoffee
noncoffee/guaxupe.T6336.B6400.L1856.R1920.jpg,noncoffee
noncoffee/guaxupe.T5632.B5696.L704.R768.jpg,noncoffee
noncoffee/guaxupe.T7744.B7808.L2816.R2880.jpg,noncoffee
noncoffee/montesanto.T5056.B5120.L4352.R4416.jpg,noncoffee
coffee/montesanto.T3520.B3584.L2368.R2432.jpg,coffee
noncoffee/guaranesia.T2368.B2432.L5376.R5440.jpg,noncoffee
noncoffee/arceburgo.T1792.B1856.L4544.R4608.jpg,noncoffee
noncoffee/guaxupe.T5248.B5312.L1664.R1728.jpg,noncoffee
noncoffee/guaranesia.T7744.B7808.L5440.R5504.jpg,noncoffee
coffee/montesanto.T5760.B5824.L448.R512.jpg,coffee
noncoffee/montesanto.T7296.B7360.L2880.R2944.jpg,noncoffee
coffee/montesanto.T5952.B6016.L7424.R7488.jpg,coffee
coffee/montesanto.T9088.B9152.L5504.R5568.jpg,coffee
noncoffee/guaxupe.T3648.B3712.L6080.R6144.jpg,noncoffee
coffee/montesanto.T7168.B7232.L8128.R8192.jpg,coffee
coffee/guaxupe.T1088.B1152.L3008.R3072.jpg,coffee
coffee/montesanto.T3328.B3392.L12416.R12480.jpg,coffee
coffee/montesanto.T6592.B6656.L9088.R9152.jpg,coffee
noncoffee/guaranesia.T9600.B9664.L4096.R4160.jpg,noncoffee
noncoffee/montesanto.T7872.B7936.L3712.R3776.jpg,noncoffee
coffee/guaxupe.T3584.B3648.L3136.R3200.jpg,coffee
noncoffee/montesanto.T5376.B5440.L5376.R5440.jpg,noncoffee
noncoffee/montesanto.T4480.B4544.L8192.R8256.jpg,noncoffee
coffee/guaxupe.T2048.B2112.L4160.R4224.jpg,coffee
noncoffee/guaranesia.T1536.B1600.L4800.R4864.jpg,noncoffee
noncoffee/guaxupe.T4160.B4224.L5952.R6016.jpg,noncoffee
noncoffee/montesanto.T6720.B6784.L1536.R1600.jpg,noncoffee
noncoffee/montesanto.T3136.B3200.L13568.R13632.jpg,noncoffee
coffee/montesanto.T6720.B6784.L11072.R11136.jpg,coffee
coffee/montesanto.T5824.B5888.L6784.R6848.jpg,coffee
noncoffee/arceburgo.T5632.B5696.L3008.R3072.jpg,noncoffee
noncoffee/arceburgo.T3968.B4032.L768.R832.jpg,noncoffee
coffee/guaxupe.T4864.B4928.L832.R896.jpg,coffee
coffee/montesanto.T3456.B3520.L10752.R10816.jpg,coffee
noncoffee/montesanto.T9792.B9856.L8960.R9024.jpg,noncoffee
noncoffee/montesanto.T7424.B7488.L10688.R10752.jpg,noncoffee
noncoffee/guaranesia.T1600.B1664.L4032.R4096.jpg,noncoffee
noncoffee/guaxupe.T7232.B7296.L1408.R1472.jpg,noncoffee
noncoffee/guaxupe.T6528.B6592.L4992.R5056.jpg,noncoffee
noncoffee/guaxupe.T1472.B1536.L4864.R4928.jpg,noncoffee
noncoffee/arceburgo.T3136.B3200.L2752.R2816.jpg,noncoffee
coffee/guaxupe.T8320.B8384.L2944.R3008.jpg,coffee
noncoffee/montesanto.T10368.B10432.L7872.R7936.jpg,noncoffee
coffee/montesanto.T5312.B5376.L7680.R7744.jpg,coffee
noncoffee/montesanto.T10048.B10112.L6464.R6528.jpg,noncoffee
noncoffee/guaxupe.T4416.B4480.L3648.R3712.jpg,noncoffee
noncoffee/guaxupe.T5056.B5120.L5632.R5696.jpg,noncoffee
coffee/montesanto.T2304.B2368.L13376.R13440.jpg,coffee
noncoffee/montesanto.T11456.B11520.L6080.R6144.jpg,noncoffee
noncoffee/guaranesia.T8064.B8128.L1664.R1728.jpg,noncoffee
noncoffee/guaxupe.T5952.B6016.L1344.R1408.jpg,noncoffee
coffee/guaranesia.T5440.B5504.L3520.R3584.jpg,coffee
noncoffee/montesanto.T2176.B2240.L7936.R8000.jpg,noncoffee
coffee/guaxupe.T4480.B4544.L5952.R6016.jpg,coffee
coffee/montesanto.T3584.B3648.L11904.R11968.jpg,coffee
coffee/montesanto.T4480.B4544.L704.R768.jpg,coffee
noncoffee/montesanto.T4096.B4160.L8896.R8960.jpg,noncoffee
noncoffee/guaranesia.T6976.B7040.L5568.R5632.jpg,noncoffee
coffee/guaranesia.T2880.B2944.L5760.R5824.jpg,coffee
coffee/guaranesia.T3584.B3648.L5056.R5120.jpg,coffee
coffee/montesanto.T4672.B4736.L1152.R1216.jpg,coffee
coffee/guaxupe.T9920.B9984.L2496.R2560.jpg,coffee
coffee/guaranesia.T3456.B3520.L6528.R6592.jpg,coffee
coffee/guaranesia.T5568.B5632.L3584.R3648.jpg,coffee
coffee/arceburgo.T1024.B1088.L4736.R4800.jpg,coffee
coffee/montesanto.T5504.B5568.L8192.R8256.jpg,coffee
noncoffee/guaxupe.T7744.B7808.L2944.R3008.jpg,noncoffee
noncoffee/montesanto.T12416.B12480.L4992.R5056.jpg,noncoffee
coffee/montesanto.T9472.B9536.L5248.R5312.jpg,coffee
coffee/montesanto.T3136.B3200.L10752.R10816.jpg,coffee
noncoffee/montesanto.T4608.B4672.L12224.R12288.jpg,noncoffee
coffee/montesanto.T9536.B9600.L4800.R4864.jpg,coffee
coffee/montesanto.T5056.B5120.L448.R512.jpg,coffee
noncoffee/guaxupe.T1088.B1152.L4416.R4480.jpg,noncoffee
coffee/guaxupe.T4224.B4288.L1792.R1856.jpg,coffee
coffee/montesanto.T5568.B5632.L7808.R7872.jpg,coffee
noncoffee/montesanto.T7616.B7680.L3136.R3200.jpg,noncoffee
coffee/montesanto.T7168.B7232.L6400.R6464.jpg,coffee
coffee/montesanto.T7168.B7232.L11136.R11200.jpg,coffee
noncoffee/guaxupe.T768.B832.L2368.R2432.jpg,noncoffee
coffee/guaranesia.T5056.B5120.L3456.R3520.jpg,coffee
noncoffee/montesanto.T2560.B2624.L13056.R13120.jpg,noncoffee
noncoffee/guaxupe.T6336.B6400.L2560.R2624.jpg,noncoffee
noncoffee/guaranesia.T6720.B6784.L2112.R2176.jpg,noncoffee
coffee/guaxupe.T6400.B6464.L5952.R6016.jpg,coffee
noncoffee/montesanto.T4224.B4288.L9792.R9856.jpg,noncoffee
noncoffee/montesanto.T1536.B1600.L10880.R10944.jpg,noncoffee
coffee/guaranesia.T4480.B4544.L2304.R2368.jpg,coffee
noncoffee/montesanto.T12544.B12608.L5632.R5696.jpg,noncoffee
noncoffee/montesanto.T9344.B9408.L8832.R8896.jpg,noncoffee
coffee/guaranesia.T5504.B5568.L3520.R3584.jpg,coffee
coffee/guaranesia.T9664.B9728.L896.R960.jpg,coffee
coffee/montesanto.T7936.B8000.L4864.R4928.jpg,coffee
coffee/montesanto.T5952.B6016.L2304.R2368.jpg,coffee
noncoffee/guaranesia.T5632.B5696.L2560.R2624.jpg,noncoffee
noncoffee/guaranesia.T8704.B8768.L5184.R5248.jpg,noncoffee
coffee/guaxupe.T5632.B5696.L4416.R4480.jpg,coffee
coffee/guaranesia.T1408.B1472.L4544.R4608.jpg,coffee
coffee/guaranesia.T6400.B6464.L5568.R5632.jpg,coffee
noncoffee/guaxupe.T1152.B1216.L2496.R2560.jpg,noncoffee
coffee/guaxupe.T8000.B8064.L1216.R1280.jpg,coffee
coffee/guaxupe.T8384.B8448.L5312.R5376.jpg,coffee
coffee/guaranesia.T3456.B3520.L5056.R5120.jpg,coffee
noncoffee/guaxupe.T5888.B5952.L4224.R4288.jpg,noncoffee
noncoffee/guaxupe.T5248.B5312.L960.R1024.jpg,noncoffee
noncoffee/montesanto.T2496.B2560.L11392.R11456.jpg,noncoffee
noncoffee/arceburgo.T960.B1024.L3648.R3712.jpg,noncoffee
coffee/guaxupe.T8256.B8320.L5632.R5696.jpg,coffee
noncoffee/montesanto.T2880.B2944.L7104.R7168.jpg,noncoffee
noncoffee/montesanto.T4480.B4544.L5440.R5504.jpg,noncoffee
coffee/guaranesia.T4096.B4160.L2560.R2624.jpg,coffee
noncoffee/montesanto.T4608.B4672.L896.R960.jpg,noncoffee
noncoffee/arceburgo.T2752.B2816.L3328.R3392.jpg,noncoffee
coffee/guaxupe.T8384.B8448.L1216.R1280.jpg,coffee
noncoffee/guaranesia.T9088.B9152.L2816.R2880.jpg,noncoffee
coffee/montesanto.T4928.B4992.L10944.R11008.jpg,coffee
noncoffee/montesanto.T6528.B6592.L6336.R6400.jpg,noncoffee
coffee/montesanto.T6976.B7040.L9536.R9600.jpg,coffee
coffee/guaxupe.T4224.B4288.L4544.R4608.jpg,coffee
coffee/guaxupe.T3456.B3520.L3328.R3392.jpg,coffee
noncoffee/guaranesia.T7680.B7744.L3200.R3264.jpg,noncoffee
coffee/montesanto.T8128.B8192.L4480.R4544.jpg,coffee
noncoffee/montesanto.T12608.B12672.L4480.R4544.jpg,noncoffee
noncoffee/guaxupe.T9280.B9344.L2176.R2240.jpg,noncoffee
coffee/montesanto.T9728.B9792.L8640.R8704.jpg,coffee
coffee/montesanto.T4544.B4608.L12416.R12480.jpg,coffee
noncoffee/arceburgo.T1984.B2048.L1664.R1728.jpg,noncoffee
noncoffee/montesanto.T8576.B8640.L5952.R6016.jpg,noncoffee
coffee/montesanto.T5632.B5696.L9408.R9472.jpg,coffee
coffee/guaxupe.T2944.B3008.L1984.R2048.jpg,coffee
coffee/montesanto.T5056.B5120.L7360.R7424.jpg,coffee
noncoffee/arceburgo.T3072.B3136.L3968.R4032.jpg,noncoffee
noncoffee/montesanto.T4544.B4608.L3968.R4032.jpg,noncoffee
coffee/montesanto.T8192.B8256.L7040.R7104.jpg,coffee
noncoffee/montesanto.T8704.B8768.L9728.R9792.jpg,noncoffee
noncoffee/arceburgo.T5504.B5568.L3264.R3328.jpg,noncoffee
noncoffee/montesanto.T8704.B8768.L3648.R3712.jpg,noncoffee
noncoffee/montesanto.T9920.B9984.L7232.R7296.jpg,noncoffee
noncoffee/guaranesia.T9280.B9344.L4288.R4352.jpg,noncoffee
noncoffee/guaranesia.T3968.B4032.L3328.R3392.jpg,noncoffee
noncoffee/montesanto.T1088.B1152.L9152.R9216.jpg,noncoffee
coffee/montesanto.T7744.B7808.L3456.R3520.jpg,coffee
coffee/guaxupe.T1344.B1408.L1728.R1792.jpg,coffee
noncoffee/arceburgo.T4928.B4992.L2240.R2304.jpg,noncoffee
noncoffee/montesanto.T1984.B2048.L13440.R13504.jpg,noncoffee
noncoffee/guaranesia.T1088.B1152.L4160.R4224.jpg,noncoffee
noncoffee/guaranesia.T6016.B6080.L5504.R5568.jpg,noncoffee
coffee/montesanto.T8192.B8256.L4416.R4480.jpg,coffee
coffee/montesanto.T5056.B5120.L512.R576.jpg,coffee
noncoffee/guaxupe.T3264.B3328.L2240.R2304.jpg,noncoffee
noncoffee/montesanto.T6400.B6464.L5888.R5952.jpg,noncoffee
noncoffee/guaranesia.T5952.B6016.L2048.R2112.jpg,noncoffee
noncoffee/guaxupe.T6912.B6976.L704.R768.jpg,noncoffee
coffee/guaxupe.T2368.B2432.L3968.R4032.jpg,coffee
noncoffee/montesanto.T2176.B2240.L6976.R7040.jpg,noncoffee
coffee/arceburgo.T1536.B1600.L4992.R5056.jpg,coffee
coffee/montesanto.T8768.B8832.L5760.R5824.jpg,coffee
coffee/guaxupe.T640.B704.L5824.R5888.jpg,coffee
noncoffee/montesanto.T8448.B8512.L3328.R3392.jpg,noncoffee
coffee/montesanto.T8576.B8640.L3648.R3712.jpg,coffee
coffee/montesanto.T7424.B7488.L5824.R5888.jpg,coffee
noncoffee/montesanto.T1088.B1152.L8256.R8320.jpg,noncoffee
noncoffee/arceburgo.T5760.B5824.L2304.R2368.jpg,noncoffee
coffee/montesanto.T8128.B8192.L4352.R4416.jpg,coffee
noncoffee/guaranesia.T4416.B4480.L3712.R3776.jpg,noncoffee
coffee/guaranesia.T3840.B3904.L6464.R6528.jpg,coffee
noncoffee/guaxupe.T6400.B6464.L4672.R4736.jpg,noncoffee
coffee/montesanto.T7424.B7488.L10240.R10304.jpg,coffee
noncoffee/montesanto.T5760.B5824.L1536.R1600.jpg,noncoffee
noncoffee/guaranesia.T4480.B4544.L4928.R4992.jpg,noncoffee
noncoffee/montesanto.T3584.B3648.L10240.R10304.jpg,noncoffee
coffee/montesanto.T4544.B4608.L4928.R4992.jpg,coffee
coffee/guaxupe.T3328.B3392.L2496.R2560.jpg,coffee
noncoffee/arceburgo.T5312.B5376.L448.R512.jpg,noncoffee
noncoffee/montesanto.T10048.B10112.L9024.R9088.jpg,noncoffee
noncoffee/guaxupe.T5568.B5632.L5568.R5632.jpg,noncoffee
noncoffee/montesanto.T3328.B3392.L5888.R5952.jpg,noncoffee
noncoffee/montesanto.T6656.B6720.L10112.R10176.jpg,noncoffee
coffee/guaxupe.T4352.B4416.L6144.R6208.jpg,coffee
noncoffee/montesanto.T7680.B7744.L3840.R3904.jpg,noncoffee
noncoffee/guaxupe.T6720.B6784.L3328.R3392.jpg,noncoffee
noncoffee/montesanto.T11136.B11200.L6016.R6080.jpg,noncoffee
coffee/guaxupe.T8832.B8896.L2496.R2560.jpg,coffee
coffee/guaxupe.T2624.B2688.L4288.R4352.jpg,coffee
noncoffee/guaranesia.T6592.B6656.L2240.R2304.jpg,noncoffee
noncoffee/guaranesia.T4736.B4800.L4608.R4672.jpg,noncoffee
coffee/guaranesia.T4736.B4800.L6016.R6080.jpg,coffee
coffee/guaxupe.T7040.B7104.L1600.R1664.jpg,coffee
coffee/montesanto.T4480.B4544.L11776.R11840.jpg,coffee
noncoffee/arceburgo.T6016.B6080.L2624.R2688.jpg,noncoffee
noncoffee/montesanto.T7424.B7488.L5632.R5696.jpg,noncoffee
noncoffee/guaxupe.T3328.B3392.L5888.R5952.jpg,noncoffee
coffee/montesanto.T5376.B5440.L4096.R4160.jpg,coffee
noncoffee/montesanto.T7936.B8000.L4224.R4288.jpg,noncoffee
coffee/guaranesia.T3648.B3712.L5120.R5184.jpg,coffee
coffee/guaxupe.T3200.B3264.L2496.R2560.jpg,coffee
noncoffee/guaxupe.T7424.B7488.L4672.R4736.jpg,noncoffee
noncoffee/montesanto.T9728.B9792.L4992.R5056.jpg,noncoffee
noncoffee/montesanto.T3328.B3392.L10688.R10752.jpg,noncoffee
noncoffee/guaranesia.T6784.B6848.L1728.R1792.jpg,noncoffee
coffee/montesanto.T4416.B4480.L1792.R1856.jpg,coffee
noncoffee/guaranesia.T3456.B3520.L3712.R3776.jpg,noncoffee
coffee/montesanto.T5312.B5376.L3584.R3648.jpg,coffee
coffee/montesanto.T4480.B4544.L896.R960.jpg,coffee
coffee/montesanto.T6208.B6272.L7616.R7680.jpg,coffee
noncoffee/guaranesia.T2688.B2752.L5568.R5632.jpg,noncoffee
noncoffee/guaxupe.T8384.B8448.L2240.R2304.jpg,noncoffee
coffee/montesanto.T6272.B6336.L7744.R7808.jpg,coffee
coffee/guaxupe.T6016.B6080.L6080.R6144.jpg,coffee
coffee/montesanto.T5056.B5120.L832.R896.jpg,coffee
coffee/montesanto.T8448.B8512.L3904.R3968.jpg,coffee
noncoffee/guaxupe.T8896.B8960.L384.R448.jpg,noncoffee
coffee/montesanto.T4864.B4928.L3264.R3328.jpg,coffee
coffee/guaranesia.T4416.B4480.L3840.R3904.jpg,coffee
coffee/montesanto.T6528.B6592.L4800.R4864.jpg,coffee
noncoffee/arceburgo.T3392.B3456.L2048.R2112.jpg,noncoffee
noncoffee/montesanto.T7040.B7104.L7360.R7424.jpg,noncoffee
noncoffee/guaranesia.T9536.B9600.L1280.R1344.jpg,noncoffee
coffee/guaxupe.T8512.B8576.L5248.R5312.jpg,coffee
coffee/guaranesia.T2048.B2112.L4352.R4416.jpg,coffee
coffee/guaxupe.T5440.B5504.L6016.R6080.jpg,coffee
coffee/montesanto.T5952.B6016.L1664.R1728.jpg,coffee
noncoffee/arceburgo.T1600.B1664.L2816.R2880.jpg,noncoffee
coffee/guaranesia.T3520.B3584.L2496.R2560.jpg,coffee
coffee/guaxupe.T3328.B3392.L4416.R4480.jpg,coffee
coffee/montesanto.T6016.B6080.L1472.R1536.jpg,coffee
noncoffee/montesanto.T11584.B11648.L4992.R5056.jpg,noncoffee
coffee/montesanto.T8384.B8448.L4224.R4288.jpg,coffee
coffee/montesanto.T9472.B9536.L5120.R5184.jpg,coffee
coffee/guaxupe.T8064.B8128.L5056.R5120.jpg,coffee
coffee/montesanto.T1536.B1600.L11456.R11520.jpg,coffee
noncoffee/guaxupe.T8384.B8448.L3520.R3584.jpg,noncoffee
coffee/montesanto.T5952.B6016.L7168.R7232.jpg,coffee
coffee/guaxupe.T2432.B2496.L4032.R4096.jpg,coffee
coffee/arceburgo.T1088.B1152.L4480.R4544.jpg,coffee
coffee/guaxupe.T2368.B2432.L4544.R4608.jpg,coffee
noncoffee/guaxupe.T5696.B5760.L2240.R2304.jpg,noncoffee
coffee/montesanto.T5952.B6016.L10048.R10112.jpg,coffee
coffee/montesanto.T8320.B8384.L7040.R7104.jpg,coffee
coffee/montesanto.T9536.B9600.L5312.R5376.jpg,coffee
coffee/montesanto.T4416.B4480.L2048.R2112.jpg,coffee
coffee/montesanto.T7680.B7744.L6144.R6208.jpg,coffee
coffee/guaxupe.T8256.B8320.L5568.R5632.jpg,coffee
coffee/montesanto.T2688.B2752.L7232.R7296.jpg,coffee
coffee/montesanto.T4544.B4608.L10048.R10112.jpg,coffee
noncoffee/montesanto.T7680.B7744.L9344.R9408.jpg,noncoffee
noncoffee/arceburgo.T2240.B2304.L1920.R1984.jpg,noncoffee
noncoffee/guaranesia.T1088.B1152.L5696.R5760.jpg,noncoffee
coffee/montesanto.T7040.B7104.L9280.R9344.jpg,coffee
noncoffee/guaxupe.T320.B384.L5376.R5440.jpg,noncoffee
noncoffee/montesanto.T4928.B4992.L6208.R6272.jpg,noncoffee
coffee/guaranesia.T4992.B5056.L6336.R6400.jpg,coffee
noncoffee/montesanto.T2752.B2816.L6400.R6464.jpg,noncoffee
noncoffee/montesanto.T4928.B4992.L2368.R2432.jpg,noncoffee
coffee/montesanto.T5632.B5696.L4416.R4480.jpg,coffee
noncoffee/montesanto.T2624.B2688.L13184.R13248.jpg,noncoffee
noncoffee/guaranesia.T6144.B6208.L5760.R5824.jpg,noncoffee
noncoffee/montesanto.T12032.B12096.L5184.R5248.jpg,noncoffee
noncoffee/montesanto.T10176.B10240.L7616.R7680.jpg,noncoffee
coffee/montesanto.T4800.B4864.L3392.R3456.jpg,coffee
coffee/guaranesia.T4416.B4480.L4096.R4160.jpg,coffee
noncoffee/guaranesia.T4544.B4608.L5376.R5440.jpg,noncoffee
coffee/guaxupe.T8896.B8960.L2816.R2880.jpg,coffee
coffee/guaranesia.T3072.B3136.L5888.R5952.jpg,coffee
coffee/montesanto.T5312.B5376.L1152.R1216.jpg,coffee
noncoffee/guaxupe.T7872.B7936.L128.R192.jpg,noncoffee
coffee/montesanto.T5952.B6016.L1600.R1664.jpg,coffee
noncoffee/guaxupe.T6784.B6848.L2304.R2368.jpg,noncoffee
coffee/montesanto.T8128.B8192.L3328.R3392.jpg,coffee
noncoffee/montesanto.T2752.B2816.L9344.R9408.jpg,noncoffee
noncoffee/montesanto.T7552.B7616.L10752.R10816.jpg,noncoffee
noncoffee/montesanto.T9600.B9664.L3968.R4032.jpg,noncoffee
coffee/guaranesia.T1856.B1920.L6336.R6400.jpg,coffee
noncoffee/guaxupe.T5120.B5184.L3200.R3264.jpg,noncoffee
coffee/guaranesia.T4608.B4672.L5504.R5568.jpg,coffee
noncoffee/arceburgo.T1728.B1792.L3392.R3456.jpg,noncoffee
noncoffee/arceburgo.T1536.B1600.L4736.R4800.jpg,noncoffee
noncoffee/montesanto.T9984.B10048.L5504.R5568.jpg,noncoffee
coffee/montesanto.T4992.B5056.L192.R256.jpg,coffee
noncoffee/montesanto.T1664.B1728.L11136.R11200.jpg,noncoffee
noncoffee/guaxupe.T5184.B5248.L1600.R1664.jpg,noncoffee
coffee/montesanto.T9088.B9152.L9152.R9216.jpg,coffee
coffee/arceburgo.T2496.B2560.L2112.R2176.jpg,coffee
noncoffee/guaxupe.T6528.B6592.L5504.R5568.jpg,noncoffee
noncoffee/guaranesia.T1344.B1408.L3264.R3328.jpg,noncoffee
coffee/montesanto.T7808.B7872.L3328.R3392.jpg,coffee
coffee/arceburgo.T2496.B2560.L2304.R2368.jpg,coffee
coffee/montesanto.T4608.B4672.L4352.R4416.jpg,coffee
coffee/guaxupe.T8640.B8704.L3136.R3200.jpg,coffee
noncoffee/montesanto.T2304.B2368.L8704.R8768.jpg,noncoffee
coffee/guaxupe.T4800.B4864.L1920.R1984.jpg,coffee
noncoffee/montesanto.T7040.B7104.L4352.R4416.jpg,noncoffee
coffee/guaranesia.T8576.B8640.L4864.R4928.jpg,coffee
coffee/montesanto.T6912.B6976.L9536.R9600.jpg,coffee
noncoffee/montesanto.T1280.B1344.L10496.R10560.jpg,noncoffee
coffee/montesanto.T6016.B6080.L1856.R1920.jpg,coffee
coffee/montesanto.T8384.B8448.L4032.R4096.jpg,coffee
coffee/guaxupe.T1856.B1920.L5312.R5376.jpg,coffee
noncoffee/guaranesia.T6080.B6144.L5824.R5888.jpg,noncoffee
noncoffee/guaranesia.T9344.B9408.L2560.R2624.jpg,noncoffee
noncoffee/guaxupe.T5056.B5120.L640.R704.jpg,noncoffee
noncoffee/arceburgo.T3648.B3712.L3456.R3520.jpg,noncoffee
coffee/guaranesia.T384.B448.L4224.R4288.jpg,coffee
coffee/guaranesia.T8640.B8704.L4800.R4864.jpg,coffee
coffee/arceburgo.T3968.B4032.L5248.R5312.jpg,coffee
noncoffee/guaranesia.T960.B1024.L4864.R4928.jpg,noncoffee
noncoffee/guaxupe.T6784.B6848.L5440.R5504.jpg,noncoffee
noncoffee/guaranesia.T11072.B11136.L1152.R1216.jpg,noncoffee
coffee/montesanto.T4608.B4672.L10112.R10176.jpg,coffee
coffee/guaranesia.T1984.B2048.L6528.R6592.jpg,coffee
noncoffee/montesanto.T9024.B9088.L6208.R6272.jpg,noncoffee
coffee/arceburgo.T2496.B2560.L2240.R2304.jpg,coffee
coffee/guaranesia.T3520.B3584.L5120.R5184.jpg,coffee
noncoffee/montesanto.T9728.B9792.L6912.R6976.jpg,noncoffee
noncoffee/montesanto.T6656.B6720.L1600.R1664.jpg,noncoffee
noncoffee/guaxupe.T7872.B7936.L4288.R4352.jpg,noncoffee
noncoffee/montesanto.T5696.B5760.L4800.R4864.jpg,noncoffee
noncoffee/arceburgo.T2496.B2560.L3712.R3776.jpg,noncoffee
noncoffee/guaranesia.T11008.B11072.L896.R960.jpg,noncoffee
noncoffee/guaxupe.T4160.B4224.L4416.R4480.jpg,noncoffee
noncoffee/guaxupe.T4416.B4480.L1664.R1728.jpg,noncoffee
noncoffee/montesanto.T6592.B6656.L7552.R7616.jpg,noncoffee
coffee/montesanto.T5632.B5696.L1728.R1792.jpg,coffee
noncoffee/guaranesia.T6464.B6528.L2432.R2496.jpg,noncoffee
noncoffee/montesanto.T4416.B4480.L7360.R7424.jpg,noncoffee
coffee/guaxupe.T2432.B2496.L3968.R4032.jpg,coffee
noncoffee/guaranesia.T2112.B2176.L4160.R4224.jpg,noncoffee
coffee/guaxupe.T5888.B5952.L6080.R6144.jpg,coffee
noncoffee/montesanto.T6080.B6144.L3968.R4032.jpg,noncoffee
coffee/montesanto.T8448.B8512.L4224.R4288.jpg,coffee
coffee/guaxupe.T3520.B3584.L2432.R2496.jpg,coffee
coffee/guaranesia.T4672.B4736.L5888.R5952.jpg,coffee
noncoffee/guaranesia.T1152.B1216.L5440.R5504.jpg,noncoffee
coffee/guaranesia.T3840.B3904.L1920.R1984.jpg,coffee
coffee/guaxupe.T8064.B8128.L1472.R1536.jpg,coffee
noncoffee/montesanto.T5568.B5632.L11968.R12032.jpg,noncoffee
noncoffee/guaranesia.T8896.B8960.L2432.R2496.jpg,noncoffee
noncoffee/guaranesia.T8768.B8832.L512.R576.jpg,noncoffee
noncoffee/guaranesia.T9216.B9280.L4480.R4544.jpg,noncoffee
coffee/guaranesia.T4032.B4096.L7424.R7488.jpg,coffee
noncoffee/montesanto.T4736.B4800.L12032.R12096.jpg,noncoffee
coffee/guaranesia.T5120.B5184.L1664.R1728.jpg,coffee
coffee/guaxupe.T7040.B7104.L1664.R1728.jpg,coffee
coffee/montesanto.T9216.B9280.L5440.R5504.jpg,coffee
coffee/montesanto.T1408.B1472.L12800.R12864.jpg,coffee
coffee/montesanto.T2688.B2752.L6208.R6272.jpg,coffee
coffee/montesanto.T4864.B4928.L9408.R9472.jpg,coffee
noncoffee/guaxupe.T5120.B5184.L1280.R1344.jpg,noncoffee
noncoffee/montesanto.T4480.B4544.L2304.R2368.jpg,noncoffee
coffee/montesanto.T5888.B5952.L768.R832.jpg,coffee
coffee/montesanto.T5824.B5888.L9728.R9792.jpg,coffee
coffee/arceburgo.T832.B896.L4416.R4480.jpg,coffee
coffee/guaranesia.T4992.B5056.L3648.R3712.jpg,coffee
coffee/montesanto.T640.B704.L7360.R7424.jpg,coffee
noncoffee/guaranesia.T8064.B8128.L3776.R3840.jpg,noncoffee
coffee/guaxupe.T5952.B6016.L6464.R6528.jpg,coffee
coffee/guaxupe.T8704.B8768.L3328.R3392.jpg,coffee
coffee/montesanto.T5056.B5120.L768.R832.jpg,coffee
noncoffee/montesanto.T4160.B4224.L12352.R12416.jpg,noncoffee
noncoffee/guaranesia.T7552.B7616.L3648.R3712.jpg,noncoffee
coffee/guaxupe.T6848.B6912.L4544.R4608.jpg,coffee
noncoffee/montesanto.T5568.B5632.L11584.R11648.jpg,noncoffee
noncoffee/montesanto.T5952.B6016.L10816.R10880.jpg,noncoffee
coffee/arceburgo.T1024.B1088.L4544.R4608.jpg,coffee
noncoffee/montesanto.T7808.B7872.L5952.R6016.jpg,noncoffee
coffee/guaranesia.T7744.B7808.L2880.R2944.jpg,coffee
coffee/guaxupe.T8192.B8256.L2944.R3008.jpg,coffee
noncoffee/guaxupe.T7680.B7744.L2176.R2240.jpg,noncoffee
coffee/montesanto.T4032.B4096.L6400.R6464.jpg,coffee
noncoffee/guaxupe.T8832.B8896.L512.R576.jpg,noncoffee
coffee/guaxupe.T7936.B8000.L5120.R5184.jpg,coffee
noncoffee/guaranesia.T8640.B8704.L5440.R5504.jpg,noncoffee
coffee/guaxupe.T5440.B5504.L5888.R5952.jpg,coffee
noncoffee/montesanto.T1344.B1408.L11328.R11392.jpg,noncoffee
coffee/montesanto.T6400.B6464.L5440.R5504.jpg,coffee
noncoffee/guaxupe.T8448.B8512.L512.R576.jpg,noncoffee
coffee/guaxupe.T5184.B5248.L5888.R5952.jpg,coffee
noncoffee/guaxupe.T8192.B8256.L2496.R2560.jpg,noncoffee
noncoffee/arceburgo.T4288.B4352.L3840.R3904.jpg,noncoffee
noncoffee/guaranesia.T4864.B4928.L4032.R4096.jpg,noncoffee
noncoffee/montesanto.T4928.B4992.L10048.R10112.jpg,noncoffee
coffee/arceburgo.T1792.B1856.L4416.R4480.jpg,coffee
coffee/guaranesia.T8768.B8832.L1344.R1408.jpg,coffee
noncoffee/guaxupe.T3392.B3456.L2624.R2688.jpg,noncoffee
noncoffee/arceburgo.T6080.B6144.L2944.R3008.jpg,noncoffee
coffee/montesanto.T1408.B1472.L7680.R7744.jpg,coffee
coffee/montesanto.T5184.B5248.L1344.R1408.jpg,coffee
noncoffee/guaxupe.T8576.B8640.L704.R768.jpg,noncoffee
coffee/montesanto.T6016.B6080.L7168.R7232.jpg,coffee
coffee/guaxupe.T5888.B5952.L6144.R6208.jpg,coffee
noncoffee/guaranesia.T9472.B9536.L3008.R3072.jpg,noncoffee
coffee/guaranesia.T4992.B5056.L6400.R6464.jpg,coffee
coffee/guaranesia.T4736.B4800.L5888.R5952.jpg,coffee
coffee/guaranesia.T4224.B4288.L3392.R3456.jpg,coffee
coffee/montesanto.T8256.B8320.L3968.R4032.jpg,coffee
coffee/guaranesia.T3968.B4032.L6144.R6208.jpg,coffee
noncoffee/montesanto.T4352.B4416.L8000.R8064.jpg,noncoffee
noncoffee/guaxupe.T704.B768.L2048.R2112.jpg,noncoffee
noncoffee/guaxupe.T7296.B7360.L2752.R2816.jpg,noncoffee
coffee/guaxupe.T8576.B8640.L3008.R3072.jpg,coffee
noncoffee/guaxupe.T4288.B4352.L3136.R3200.jpg,noncoffee
coffee/guaranesia.T3264.B3328.L5248.R5312.jpg,coffee
noncoffee/arceburgo.T3776.B3840.L2240.R2304.jpg,noncoffee
noncoffee/montesanto.T9024.B9088.L6848.R6912.jpg,noncoffee
coffee/montesanto.T9216.B9280.L5824.R5888.jpg,coffee
coffee/guaxupe.T8064.B8128.L3008.R3072.jpg,coffee
coffee/arceburgo.T2432.B2496.L4928.R4992.jpg,coffee
noncoffee/guaxupe.T9152.B9216.L2304.R2368.jpg,noncoffee
noncoffee/montesanto.T2112.B2176.L12544.R12608.jpg,noncoffee
coffee/guaxupe.T3520.B3584.L2048.R2112.jpg,coffee
noncoffee/montesanto.T7872.B7936.L3840.R3904.jpg,noncoffee
coffee/montesanto.T4608.B4672.L12672.R12736.jpg,coffee
coffee/guaranesia.T9152.B9216.L4096.R4160.jpg,coffee
noncoffee/montesanto.T4928.B4992.L7488.R7552.jpg,noncoffee
coffee/montesanto.T6848.B6912.L9024.R9088.jpg,coffee
noncoffee/guaranesia.T4736.B4800.L3008.R3072.jpg,noncoffee
noncoffee/guaranesia.T7360.B7424.L1984.R2048.jpg,noncoffee
coffee/guaranesia.T5312.B5376.L3456.R3520.jpg,coffee
noncoffee/guaxupe.T5760.B5824.L1216.R1280.jpg,noncoffee
coffee/guaxupe.T1216.B1280.L2048.R2112.jpg,coffee
noncoffee/montesanto.T960.B1024.L8320.R8384.jpg,noncoffee
