farm_land/539.jpg,farm_land
farm_land/524.jpg,farm_land
grass_land/14.jpg,grass_land
grass_land/257.jpg,grass_land
river_lake/1386.jpg,river_lake
residential_region/2171.jpg,residential_region
river_lake/1399.jpg,river_lake
farm_land/732.jpg,farm_land
parking_lot/2667.jpg,parking_lot
grass_land/335.jpg,grass_land
residential_region/2006.jpg,residential_region
grass_land/97.jpg,grass_land
river_lake/1453.jpg,river_lake
forest/1878.jpg,forest
residential_region/2255.jpg,residential_region
farm_land/678.jpg,farm_land
industrial_region/1006.jpg,industrial_region
river_lake/1528.jpg,river_lake
industrial_region/975.jpg,industrial_region
river_lake/1408.jpg,river_lake
industrial_region/994.jpg,industrial_region
river_lake/1476.jpg,river_lake
parking_lot/2724.jpg,parking_lot
forest/1601.jpg,forest
river_lake/1373.jpg,river_lake
river_lake/1424.jpg,river_lake
forest/1793.jpg,forest
farm_land/442.jpg,farm_land
industrial_region/825.jpg,industrial_region
forest/1937.jpg,forest
industrial_region/838.jpg,industrial_region
residential_region/2078.jpg,residential_region
river_lake/1244.jpg,river_lake
industrial_region/1045.jpg,industrial_region
forest/1781.jpg,forest
parking_lot/2408.jpg,parking_lot
farm_land/473.jpg,farm_land
river_lake/1370.jpg,river_lake
residential_region/2123.jpg,residential_region
industrial_region/1000.jpg,industrial_region
residential_region/2001.jpg,residential_region
residential_region/2109.jpg,residential_region
residential_region/2165.jpg,residential_region
river_lake/1559.jpg,river_lake
farm_land/696.jpg,farm_land
forest/1945.jpg,forest
grass_land/183.jpg,grass_land
residential_region/2301.jpg,residential_region
grass_land/4.jpg,grass_land
parking_lot/2578.jpg,parking_lot
farm_land/723.jpg,farm_land
industrial_region/996.jpg,industrial_region
industrial_region/1040.jpg,industrial_region
grass_land/144.jpg,grass_land
residential_region/2273.jpg,residential_region
grass_land/163.jpg,grass_land
residential_region/2074.jpg,residential_region
river_lake/1246.jpg,river_lake
parking_lot/2621.jpg,parking_lot
residential_region/2349.jpg,residential_region
parking_lot/2419.jpg,parking_lot
residential_region/2313.jpg,residential_region
forest/1613.jpg,forest
river_lake/1556.jpg,river_lake
farm_land/701.jpg,farm_land
industrial_region/1097.jpg,industrial_region
residential_region/2248.jpg,residential_region
industrial_region/946.jpg,industrial_region
residential_region/2158.jpg,residential_region
grass_land/204.jpg,grass_land
grass_land/337.jpg,grass_land
industrial_region/852.jpg,industrial_region
residential_region/2162.jpg,residential_region
forest/1763.jpg,forest
residential_region/2216.jpg,residential_region
residential_region/2105.jpg,residential_region
industrial_region/881.jpg,industrial_region
forest/1890.jpg,forest
parking_lot/2719.jpg,parking_lot
grass_land/18.jpg,grass_land
grass_land/124.jpg,grass_land
river_lake/1518.jpg,river_lake
farm_land/774.jpg,farm_land
forest/1751.jpg,forest
industrial_region/1116.jpg,industrial_region
residential_region/2368.jpg,residential_region
parking_lot/2602.jpg,parking_lot
farm_land/451.jpg,farm_land
industrial_region/893.jpg,industrial_region
residential_region/2296.jpg,residential_region
forest/1870.jpg,forest
farm_land/709.jpg,farm_land
farm_land/417.jpg,farm_land
residential_region/2249.jpg,residential_region
farm_land/761.jpg,farm_land
residential_region/2295.jpg,residential_region
parking_lot/2509.jpg,parking_lot
industrial_region/1132.jpg,industrial_region
grass_land/59.jpg,grass_land
farm_land/649.jpg,farm_land
river_lake/1377.jpg,river_lake
grass_land/274.jpg,grass_land
farm_land/763.jpg,farm_land
industrial_region/953.jpg,industrial_region
river_lake/1358.jpg,river_lake
residential_region/2387.jpg,residential_region
industrial_region/1152.jpg,industrial_region
forest/1603.jpg,forest
grass_land/326.jpg,grass_land
parking_lot/2570.jpg,parking_lot
industrial_region/1199.jpg,industrial_region
parking_lot/2630.jpg,parking_lot
river_lake/1455.jpg,river_lake
grass_land/387.jpg,grass_land
industrial_region/1036.jpg,industrial_region
residential_region/2390.jpg,residential_region
river_lake/1415.jpg,river_lake
forest/1703.jpg,forest
parking_lot/2768.jpg,parking_lot
river_lake/1403.jpg,river_lake
residential_region/2335.jpg,residential_region
forest/1776.jpg,forest
parking_lot/2764.jpg,parking_lot
grass_land/245.jpg,grass_land
industrial_region/1055.jpg,industrial_region
farm_land/542.jpg,farm_land
forest/1704.jpg,forest
forest/1749.jpg,forest
grass_land/297.jpg,grass_land
river_lake/1350.jpg,river_lake
industrial_region/1129.jpg,industrial_region
grass_land/260.jpg,grass_land
residential_region/2399.jpg,residential_region
farm_land/409.jpg,farm_land
residential_region/2130.jpg,residential_region
industrial_region/1159.jpg,industrial_region
industrial_region/1004.jpg,industrial_region
river_lake/1516.jpg,river_lake
grass_land/224.jpg,grass_land
industrial_region/925.jpg,industrial_region
forest/1865.jpg,forest
industrial_region/1024.jpg,industrial_region
industrial_region/864.jpg,industrial_region
residential_region/2091.jpg,residential_region
forest/1717.jpg,forest
residential_region/2333.jpg,residential_region
industrial_region/1093.jpg,industrial_region
parking_lot/2490.jpg,parking_lot
river_lake/1276.jpg,river_lake
river_lake/1326.jpg,river_lake
farm_land/601.jpg,farm_land
forest/1941.jpg,forest
industrial_region/940.jpg,industrial_region
forest/1761.jpg,forest
river_lake/1414.jpg,river_lake
parking_lot/2489.jpg,parking_lot
parking_lot/2740.jpg,parking_lot
residential_region/2243.jpg,residential_region
parking_lot/2596.jpg,parking_lot
forest/1721.jpg,forest
industrial_region/1173.jpg,industrial_region
grass_land/365.jpg,grass_land
farm_land/677.jpg,farm_land
industrial_region/918.jpg,industrial_region
grass_land/200.jpg,grass_land
industrial_region/1113.jpg,industrial_region
parking_lot/2610.jpg,parking_lot
parking_lot/2642.jpg,parking_lot
river_lake/1242.jpg,river_lake
residential_region/2194.jpg,residential_region
forest/1935.jpg,forest
parking_lot/2680.jpg,parking_lot
residential_region/2283.jpg,residential_region
river_lake/1555.jpg,river_lake
river_lake/1469.jpg,river_lake
industrial_region/865.jpg,industrial_region
parking_lot/2574.jpg,parking_lot
parking_lot/2731.jpg,parking_lot
grass_land/170.jpg,grass_land
industrial_region/945.jpg,industrial_region
residential_region/2250.jpg,residential_region
residential_region/2279.jpg,residential_region
parking_lot/2488.jpg,parking_lot
river_lake/1587.jpg,river_lake
industrial_region/1051.jpg,industrial_region
residential_region/2121.jpg,residential_region
residential_region/2086.jpg,residential_region
industrial_region/1122.jpg,industrial_region
grass_land/332.jpg,grass_land
parking_lot/2405.jpg,parking_lot
residential_region/2287.jpg,residential_region
parking_lot/2565.jpg,parking_lot
parking_lot/2534.jpg,parking_lot
river_lake/1324.jpg,river_lake
farm_land/514.jpg,farm_land
industrial_region/820.jpg,industrial_region
grass_land/38.jpg,grass_land
forest/1750.jpg,forest
farm_land/606.jpg,farm_land
parking_lot/2558.jpg,parking_lot
river_lake/1345.jpg,river_lake
river_lake/1217.jpg,river_lake
residential_region/2114.jpg,residential_region
grass_land/229.jpg,grass_land
farm_land/691.jpg,farm_land
forest/1857.jpg,forest
parking_lot/2569.jpg,parking_lot
residential_region/2142.jpg,residential_region
parking_lot/2749.jpg,parking_lot
river_lake/1496.jpg,river_lake
residential_region/2281.jpg,residential_region
grass_land/376.jpg,grass_land
parking_lot/2499.jpg,parking_lot
farm_land/436.jpg,farm_land
residential_region/2085.jpg,residential_region
parking_lot/2437.jpg,parking_lot
farm_land/673.jpg,farm_land
farm_land/631.jpg,farm_land
residential_region/2011.jpg,residential_region
industrial_region/842.jpg,industrial_region
parking_lot/2681.jpg,parking_lot
forest/1814.jpg,forest
farm_land/690.jpg,farm_land
grass_land/61.jpg,grass_land
grass_land/132.jpg,grass_land
residential_region/2193.jpg,residential_region
farm_land/745.jpg,farm_land
residential_region/2066.jpg,residential_region
grass_land/213.jpg,grass_land
parking_lot/2645.jpg,parking_lot
farm_land/652.jpg,farm_land
parking_lot/2730.jpg,parking_lot
residential_region/2169.jpg,residential_region
grass_land/184.jpg,grass_land
farm_land/798.jpg,farm_land
industrial_region/910.jpg,industrial_region
industrial_region/956.jpg,industrial_region
residential_region/2063.jpg,residential_region
river_lake/1534.jpg,river_lake
forest/1921.jpg,forest
forest/1715.jpg,forest
forest/1872.jpg,forest
residential_region/2051.jpg,residential_region
parking_lot/2747.jpg,parking_lot
parking_lot/2661.jpg,parking_lot
industrial_region/985.jpg,industrial_region
residential_region/2077.jpg,residential_region
river_lake/1597.jpg,river_lake
grass_land/219.jpg,grass_land
industrial_region/980.jpg,industrial_region
farm_land/768.jpg,farm_land
river_lake/1258.jpg,river_lake
parking_lot/2462.jpg,parking_lot
river_lake/1466.jpg,river_lake
grass_land/105.jpg,grass_land
river_lake/1313.jpg,river_lake
parking_lot/2590.jpg,parking_lot
grass_land/315.jpg,grass_land
forest/1822.jpg,forest
farm_land/534.jpg,farm_land
river_lake/1232.jpg,river_lake
residential_region/2195.jpg,residential_region
farm_land/582.jpg,farm_land
river_lake/1238.jpg,river_lake
industrial_region/1134.jpg,industrial_region
farm_land/526.jpg,farm_land
industrial_region/863.jpg,industrial_region
industrial_region/1049.jpg,industrial_region
residential_region/2149.jpg,residential_region
forest/1707.jpg,forest
grass_land/217.jpg,grass_land
grass_land/26.jpg,grass_land
parking_lot/2531.jpg,parking_lot
forest/1928.jpg,forest
industrial_region/952.jpg,industrial_region
farm_land/608.jpg,farm_land
parking_lot/2547.jpg,parking_lot
forest/1919.jpg,forest
residential_region/2101.jpg,residential_region
grass_land/2.jpg,grass_land
forest/1668.jpg,forest
grass_land/240.jpg,grass_land
parking_lot/2744.jpg,parking_lot
industrial_region/1115.jpg,industrial_region
river_lake/1427.jpg,river_lake
parking_lot/2699.jpg,parking_lot
parking_lot/2702.jpg,parking_lot
river_lake/1488.jpg,river_lake
river_lake/1463.jpg,river_lake
residential_region/2347.jpg,residential_region
residential_region/2053.jpg,residential_region
grass_land/211.jpg,grass_land
forest/1654.jpg,forest
parking_lot/2568.jpg,parking_lot
grass_land/310.jpg,grass_land
grass_land/169.jpg,grass_land
industrial_region/1071.jpg,industrial_region
forest/1643.jpg,forest
industrial_region/1133.jpg,industrial_region
forest/1950.jpg,forest
forest/1915.jpg,forest
residential_region/2268.jpg,residential_region
farm_land/689.jpg,farm_land
grass_land/261.jpg,grass_land
grass_land/329.jpg,grass_land
industrial_region/1184.jpg,industrial_region
farm_land/704.jpg,farm_land
grass_land/191.jpg,grass_land
river_lake/1394.jpg,river_lake
forest/1993.jpg,forest
farm_land/657.jpg,farm_land
grass_land/23.jpg,grass_land
industrial_region/997.jpg,industrial_region
grass_land/12.jpg,grass_land
industrial_region/976.jpg,industrial_region
river_lake/1294.jpg,river_lake
forest/1909.jpg,forest
grass_land/313.jpg,grass_land
industrial_region/903.jpg,industrial_region
grass_land/71.jpg,grass_land
industrial_region/1059.jpg,industrial_region
parking_lot/2717.jpg,parking_lot
forest/1947.jpg,forest
industrial_region/1198.jpg,industrial_region
forest/1991.jpg,forest
industrial_region/869.jpg,industrial_region
farm_land/477.jpg,farm_land
forest/1739.jpg,forest
industrial_region/974.jpg,industrial_region
farm_land/755.jpg,farm_land
grass_land/15.jpg,grass_land
forest/1768.jpg,forest
forest/1784.jpg,forest
grass_land/167.jpg,grass_land
river_lake/1230.jpg,river_lake
industrial_region/967.jpg,industrial_region
grass_land/156.jpg,grass_land
grass_land/369.jpg,grass_land
forest/1746.jpg,forest
industrial_region/1175.jpg,industrial_region
grass_land/75.jpg,grass_land
forest/1684.jpg,forest
grass_land/137.jpg,grass_land
residential_region/2040.jpg,residential_region
grass_land/52.jpg,grass_land
grass_land/85.jpg,grass_land
farm_land/464.jpg,farm_land
grass_land/11.jpg,grass_land
parking_lot/2584.jpg,parking_lot
river_lake/1419.jpg,river_lake
farm_land/483.jpg,farm_land
river_lake/1533.jpg,river_lake
forest/1772.jpg,forest
farm_land/692.jpg,farm_land
industrial_region/969.jpg,industrial_region
industrial_region/1183.jpg,industrial_region
river_lake/1572.jpg,river_lake
river_lake/1535.jpg,river_lake
industrial_region/1174.jpg,industrial_region
grass_land/243.jpg,grass_land
parking_lot/2548.jpg,parking_lot
farm_land/590.jpg,farm_land
farm_land/518.jpg,farm_land
residential_region/2080.jpg,residential_region
residential_region/2332.jpg,residential_region
grass_land/290.jpg,grass_land
farm_land/486.jpg,farm_land
industrial_region/806.jpg,industrial_region
grass_land/121.jpg,grass_land
parking_lot/2693.jpg,parking_lot
river_lake/1443.jpg,river_lake
farm_land/626.jpg,farm_land
forest/1824.jpg,forest
parking_lot/2753.jpg,parking_lot
residential_region/2381.jpg,residential_region
parking_lot/2683.jpg,parking_lot
farm_land/455.jpg,farm_land
river_lake/1426.jpg,river_lake
farm_land/463.jpg,farm_land
residential_region/2325.jpg,residential_region
residential_region/2219.jpg,residential_region
river_lake/1570.jpg,river_lake
forest/1692.jpg,forest
grass_land/348.jpg,grass_land
parking_lot/2402.jpg,parking_lot
river_lake/1565.jpg,river_lake
farm_land/430.jpg,farm_land
parking_lot/2411.jpg,parking_lot
forest/1907.jpg,forest
grass_land/349.jpg,grass_land
river_lake/1549.jpg,river_lake
grass_land/131.jpg,grass_land
industrial_region/1147.jpg,industrial_region
river_lake/1554.jpg,river_lake
forest/1666.jpg,forest
forest/1762.jpg,forest
residential_region/2256.jpg,residential_region
river_lake/1266.jpg,river_lake
industrial_region/929.jpg,industrial_region
forest/1891.jpg,forest
industrial_region/828.jpg,industrial_region
forest/1940.jpg,forest
farm_land/420.jpg,farm_land
residential_region/2202.jpg,residential_region
grass_land/336.jpg,grass_land
river_lake/1341.jpg,river_lake
residential_region/2042.jpg,residential_region
river_lake/1278.jpg,river_lake
grass_land/68.jpg,grass_land
industrial_region/962.jpg,industrial_region
industrial_region/989.jpg,industrial_region
farm_land/713.jpg,farm_land
farm_land/547.jpg,farm_land
residential_region/2102.jpg,residential_region
grass_land/258.jpg,grass_land
river_lake/1575.jpg,river_lake
parking_lot/2789.jpg,parking_lot
river_lake/1330.jpg,river_lake
farm_land/448.jpg,farm_land
farm_land/591.jpg,farm_land
river_lake/1428.jpg,river_lake
river_lake/1454.jpg,river_lake
parking_lot/2567.jpg,parking_lot
industrial_region/808.jpg,industrial_region
grass_land/214.jpg,grass_land
industrial_region/990.jpg,industrial_region
river_lake/1580.jpg,river_lake
industrial_region/1094.jpg,industrial_region
residential_region/2137.jpg,residential_region
river_lake/1560.jpg,river_lake
river_lake/1563.jpg,river_lake
river_lake/1389.jpg,river_lake
grass_land/16.jpg,grass_land
parking_lot/2750.jpg,parking_lot
industrial_region/829.jpg,industrial_region
industrial_region/823.jpg,industrial_region
parking_lot/2536.jpg,parking_lot
farm_land/728.jpg,farm_land
forest/1621.jpg,forest
forest/1614.jpg,forest
river_lake/1228.jpg,river_lake
river_lake/1302.jpg,river_lake
industrial_region/1082.jpg,industrial_region
parking_lot/2478.jpg,parking_lot
river_lake/1508.jpg,river_lake
grass_land/51.jpg,grass_land
residential_region/2048.jpg,residential_region
river_lake/1274.jpg,river_lake
forest/1691.jpg,forest
parking_lot/2593.jpg,parking_lot
residential_region/2036.jpg,residential_region
farm_land/641.jpg,farm_land
parking_lot/2788.jpg,parking_lot
residential_region/2152.jpg,residential_region
river_lake/1497.jpg,river_lake
farm_land/546.jpg,farm_land
grass_land/291.jpg,grass_land
forest/1997.jpg,forest
parking_lot/2457.jpg,parking_lot
parking_lot/2616.jpg,parking_lot
river_lake/1395.jpg,river_lake
farm_land/587.jpg,farm_land
grass_land/380.jpg,grass_land
grass_land/162.jpg,grass_land
forest/1748.jpg,forest
grass_land/123.jpg,grass_land
residential_region/2379.jpg,residential_region
forest/1951.jpg,forest
residential_region/2199.jpg,residential_region
parking_lot/2778.jpg,parking_lot
river_lake/1436.jpg,river_lake
farm_land/764.jpg,farm_land
farm_land/584.jpg,farm_land
river_lake/1477.jpg,river_lake
residential_region/2172.jpg,residential_region
farm_land/736.jpg,farm_land
river_lake/1293.jpg,river_lake
residential_region/2095.jpg,residential_region
parking_lot/2555.jpg,parking_lot
parking_lot/2784.jpg,parking_lot
parking_lot/2448.jpg,parking_lot
parking_lot/2544.jpg,parking_lot
residential_region/2215.jpg,residential_region
forest/1713.jpg,forest
forest/1665.jpg,forest
industrial_region/1195.jpg,industrial_region
residential_region/2376.jpg,residential_region
residential_region/2197.jpg,residential_region
residential_region/2179.jpg,residential_region
industrial_region/1079.jpg,industrial_region
industrial_region/995.jpg,industrial_region
grass_land/360.jpg,grass_land
parking_lot/2566.jpg,parking_lot
forest/1616.jpg,forest
river_lake/1536.jpg,river_lake
industrial_region/1057.jpg,industrial_region
industrial_region/987.jpg,industrial_region
residential_region/2198.jpg,residential_region
farm_land/767.jpg,farm_land
residential_region/2377.jpg,residential_region
parking_lot/2588.jpg,parking_lot
river_lake/1291.jpg,river_lake
industrial_region/1066.jpg,industrial_region
grass_land/399.jpg,grass_land
farm_land/462.jpg,farm_land
grass_land/234.jpg,grass_land
forest/1972.jpg,forest
farm_land/452.jpg,farm_land
river_lake/1259.jpg,river_lake
grass_land/246.jpg,grass_land
farm_land/707.jpg,farm_land
parking_lot/2409.jpg,parking_lot
farm_land/799.jpg,farm_land
parking_lot/2741.jpg,parking_lot
residential_region/2260.jpg,residential_region
farm_land/479.jpg,farm_land
forest/1818.jpg,forest
industrial_region/835.jpg,industrial_region
river_lake/1557.jpg,river_lake
farm_land/411.jpg,farm_land
forest/1618.jpg,forest
grass_land/268.jpg,grass_land
forest/1676.jpg,forest
forest/1960.jpg,forest
parking_lot/2447.jpg,parking_lot
grass_land/255.jpg,grass_land
parking_lot/2425.jpg,parking_lot
industrial_region/1018.jpg,industrial_region
parking_lot/2684.jpg,parking_lot
parking_lot/2723.jpg,parking_lot
river_lake/1201.jpg,river_lake
river_lake/1392.jpg,river_lake
river_lake/1406.jpg,river_lake
farm_land/735.jpg,farm_land
forest/1782.jpg,forest
parking_lot/2770.jpg,parking_lot
forest/1649.jpg,forest
farm_land/471.jpg,farm_land
forest/1802.jpg,forest
river_lake/1524.jpg,river_lake
parking_lot/2466.jpg,parking_lot
parking_lot/2455.jpg,parking_lot
forest/1797.jpg,forest
farm_land/465.jpg,farm_land
forest/1652.jpg,forest
industrial_region/959.jpg,industrial_region
residential_region/2240.jpg,residential_region
residential_region/2350.jpg,residential_region
industrial_region/884.jpg,industrial_region
residential_region/2342.jpg,residential_region
residential_region/2362.jpg,residential_region
industrial_region/1025.jpg,industrial_region
river_lake/1530.jpg,river_lake
parking_lot/2414.jpg,parking_lot
forest/1690.jpg,forest
residential_region/2175.jpg,residential_region
forest/1795.jpg,forest
river_lake/1338.jpg,river_lake
river_lake/1387.jpg,river_lake
industrial_region/1114.jpg,industrial_region
parking_lot/2615.jpg,parking_lot
residential_region/2272.jpg,residential_region
grass_land/109.jpg,grass_land
grass_land/393.jpg,grass_land
parking_lot/2562.jpg,parking_lot
industrial_region/1056.jpg,industrial_region
river_lake/1581.jpg,river_lake
farm_land/693.jpg,farm_land
residential_region/2205.jpg,residential_region
parking_lot/2577.jpg,parking_lot
residential_region/2125.jpg,residential_region
grass_land/353.jpg,grass_land
parking_lot/2787.jpg,parking_lot
forest/1759.jpg,forest
river_lake/1360.jpg,river_lake
river_lake/1223.jpg,river_lake
parking_lot/2482.jpg,parking_lot
industrial_region/1081.jpg,industrial_region
parking_lot/2696.jpg,parking_lot
forest/1920.jpg,forest
farm_land/588.jpg,farm_land
grass_land/288.jpg,grass_land
industrial_region/882.jpg,industrial_region
farm_land/562.jpg,farm_land
industrial_region/979.jpg,industrial_region
farm_land/449.jpg,farm_land
industrial_region/804.jpg,industrial_region
industrial_region/1052.jpg,industrial_region
parking_lot/2571.jpg,parking_lot
parking_lot/2525.jpg,parking_lot
forest/1949.jpg,forest
industrial_region/1185.jpg,industrial_region
river_lake/1562.jpg,river_lake
industrial_region/928.jpg,industrial_region
industrial_region/1070.jpg,industrial_region
river_lake/1208.jpg,river_lake
industrial_region/1179.jpg,industrial_region
forest/1755.jpg,forest
farm_land/714.jpg,farm_land
parking_lot/2649.jpg,parking_lot
parking_lot/2674.jpg,parking_lot
grass_land/60.jpg,grass_land
industrial_region/1033.jpg,industrial_region
parking_lot/2710.jpg,parking_lot
industrial_region/859.jpg,industrial_region
industrial_region/868.jpg,industrial_region
forest/1757.jpg,forest
industrial_region/822.jpg,industrial_region
residential_region/2337.jpg,residential_region
forest/1988.jpg,forest
grass_land/392.jpg,grass_land
river_lake/1529.jpg,river_lake
forest/1783.jpg,forest
farm_land/672.jpg,farm_land
parking_lot/2519.jpg,parking_lot
farm_land/788.jpg,farm_land
industrial_region/807.jpg,industrial_region
residential_region/2118.jpg,residential_region
parking_lot/2510.jpg,parking_lot
grass_land/197.jpg,grass_land
residential_region/2334.jpg,residential_region
forest/1712.jpg,forest
river_lake/1521.jpg,river_lake
river_lake/1441.jpg,river_lake
residential_region/2204.jpg,residential_region
industrial_region/1022.jpg,industrial_region
grass_land/354.jpg,grass_land
forest/1736.jpg,forest
grass_land/331.jpg,grass_land
river_lake/1573.jpg,river_lake
parking_lot/2657.jpg,parking_lot
river_lake/1586.jpg,river_lake
grass_land/386.jpg,grass_land
farm_land/525.jpg,farm_land
residential_region/2089.jpg,residential_region
residential_region/2076.jpg,residential_region
industrial_region/892.jpg,industrial_region
river_lake/1206.jpg,river_lake
parking_lot/2640.jpg,parking_lot
grass_land/275.jpg,grass_land
grass_land/53.jpg,grass_land
river_lake/1366.jpg,river_lake
industrial_region/824.jpg,industrial_region
grass_land/307.jpg,grass_land
farm_land/459.jpg,farm_land
farm_land/558.jpg,farm_land
farm_land/429.jpg,farm_land
farm_land/586.jpg,farm_land
river_lake/1422.jpg,river_lake
parking_lot/2606.jpg,parking_lot
river_lake/1442.jpg,river_lake
residential_region/2161.jpg,residential_region
grass_land/113.jpg,grass_land
residential_region/2157.jpg,residential_region
grass_land/192.jpg,grass_land
industrial_region/939.jpg,industrial_region
forest/1804.jpg,forest
forest/1670.jpg,forest
industrial_region/877.jpg,industrial_region
farm_land/760.jpg,farm_land
industrial_region/837.jpg,industrial_region
industrial_region/1020.jpg,industrial_region
industrial_region/1015.jpg,industrial_region
parking_lot/2528.jpg,parking_lot
grass_land/175.jpg,grass_land
farm_land/753.jpg,farm_land
parking_lot/2542.jpg,parking_lot
parking_lot/2475.jpg,parking_lot
forest/1983.jpg,forest
residential_region/2115.jpg,residential_region
residential_region/2366.jpg,residential_region
residential_region/2247.jpg,residential_region
industrial_region/1060.jpg,industrial_region
parking_lot/2459.jpg,parking_lot
parking_lot/2561.jpg,parking_lot
river_lake/1361.jpg,river_lake
grass_land/50.jpg,grass_land
industrial_region/805.jpg,industrial_region
parking_lot/2605.jpg,parking_lot
residential_region/2151.jpg,residential_region
residential_region/2383.jpg,residential_region
grass_land/99.jpg,grass_land
industrial_region/897.jpg,industrial_region
parking_lot/2433.jpg,parking_lot
grass_land/77.jpg,grass_land
industrial_region/841.jpg,industrial_region
grass_land/36.jpg,grass_land
industrial_region/834.jpg,industrial_region
residential_region/2181.jpg,residential_region
forest/1901.jpg,forest
farm_land/651.jpg,farm_land
parking_lot/2671.jpg,parking_lot
farm_land/754.jpg,farm_land
farm_land/694.jpg,farm_land
grass_land/89.jpg,grass_land
industrial_region/1034.jpg,industrial_region
farm_land/475.jpg,farm_land
industrial_region/1118.jpg,industrial_region
river_lake/1308.jpg,river_lake
industrial_region/958.jpg,industrial_region
parking_lot/2662.jpg,parking_lot
residential_region/2339.jpg,residential_region
river_lake/1327.jpg,river_lake
river_lake/1574.jpg,river_lake
forest/1672.jpg,forest
residential_region/2146.jpg,residential_region
farm_land/800.jpg,farm_land
farm_land/717.jpg,farm_land
grass_land/295.jpg,grass_land
residential_region/2327.jpg,residential_region
parking_lot/2624.jpg,parking_lot
grass_land/277.jpg,grass_land
river_lake/1306.jpg,river_lake
industrial_region/1139.jpg,industrial_region
grass_land/117.jpg,grass_land
farm_land/674.jpg,farm_land
parking_lot/2431.jpg,parking_lot
forest/1631.jpg,forest
river_lake/1456.jpg,river_lake
parking_lot/2687.jpg,parking_lot
river_lake/1510.jpg,river_lake
river_lake/1283.jpg,river_lake
residential_region/2186.jpg,residential_region
river_lake/1221.jpg,river_lake
farm_land/491.jpg,farm_land
grass_land/251.jpg,grass_land
forest/1898.jpg,forest
parking_lot/2497.jpg,parking_lot
parking_lot/2782.jpg,parking_lot
river_lake/1331.jpg,river_lake
forest/1728.jpg,forest
parking_lot/2439.jpg,parking_lot
grass_land/115.jpg,grass_land
farm_land/740.jpg,farm_land
industrial_region/836.jpg,industrial_region
forest/1967.jpg,forest
industrial_region/1048.jpg,industrial_region
grass_land/120.jpg,grass_land
forest/1992.jpg,forest
grass_land/106.jpg,grass_land
grass_land/322.jpg,grass_land
residential_region/2398.jpg,residential_region
residential_region/2047.jpg,residential_region
forest/1718.jpg,forest
farm_land/481.jpg,farm_land
farm_land/795.jpg,farm_land
farm_land/624.jpg,farm_land
residential_region/2131.jpg,residential_region
parking_lot/2572.jpg,parking_lot
parking_lot/2441.jpg,parking_lot
parking_lot/2720.jpg,parking_lot
forest/1650.jpg,forest
grass_land/153.jpg,grass_land
residential_region/2009.jpg,residential_region
residential_region/2343.jpg,residential_region
river_lake/1207.jpg,river_lake
parking_lot/2678.jpg,parking_lot
grass_land/350.jpg,grass_land
industrial_region/973.jpg,industrial_region
parking_lot/2752.jpg,parking_lot
residential_region/2154.jpg,residential_region
residential_region/2280.jpg,residential_region
forest/1910.jpg,forest
industrial_region/1014.jpg,industrial_region
farm_land/418.jpg,farm_land
residential_region/2017.jpg,residential_region
residential_region/2321.jpg,residential_region
forest/1661.jpg,forest
grass_land/232.jpg,grass_land
farm_land/724.jpg,farm_land
grass_land/339.jpg,grass_land
farm_land/615.jpg,farm_land
forest/1825.jpg,forest
residential_region/2269.jpg,residential_region
forest/1883.jpg,forest
farm_land/675.jpg,farm_land
river_lake/1213.jpg,river_lake
river_lake/1254.jpg,river_lake
parking_lot/2506.jpg,parking_lot
river_lake/1585.jpg,river_lake
parking_lot/2444.jpg,parking_lot
industrial_region/1106.jpg,industrial_region
parking_lot/2794.jpg,parking_lot
parking_lot/2739.jpg,parking_lot
farm_land/612.jpg,farm_land
residential_region/2323.jpg,residential_region
residential_region/2097.jpg,residential_region
farm_land/757.jpg,farm_land
industrial_region/1108.jpg,industrial_region
grass_land/306.jpg,grass_land
grass_land/279.jpg,grass_land
forest/1794.jpg,forest
river_lake/1299.jpg,river_lake
farm_land/741.jpg,farm_land
river_lake/1287.jpg,river_lake
grass_land/122.jpg,grass_land
river_lake/1429.jpg,river_lake
grass_land/374.jpg,grass_land
parking_lot/2704.jpg,parking_lot
grass_land/30.jpg,grass_land
grass_land/324.jpg,grass_land
river_lake/1318.jpg,river_lake
grass_land/96.jpg,grass_land
forest/1806.jpg,forest
grass_land/210.jpg,grass_land
parking_lot/2618.jpg,parking_lot
farm_land/622.jpg,farm_land
grass_land/148.jpg,grass_land
grass_land/136.jpg,grass_land
forest/1745.jpg,forest
forest/1695.jpg,forest
grass_land/87.jpg,grass_land
grass_land/327.jpg,grass_land
grass_land/125.jpg,grass_land
river_lake/1214.jpg,river_lake
forest/1754.jpg,forest
residential_region/2213.jpg,residential_region
grass_land/130.jpg,grass_land
farm_land/553.jpg,farm_land
industrial_region/801.jpg,industrial_region
forest/1774.jpg,forest
grass_land/66.jpg,grass_land
river_lake/1210.jpg,river_lake
grass_land/357.jpg,grass_land
residential_region/2185.jpg,residential_region
parking_lot/2430.jpg,parking_lot
grass_land/94.jpg,grass_land
farm_land/456.jpg,farm_land
farm_land/578.jpg,farm_land
farm_land/695.jpg,farm_land
farm_land/440.jpg,farm_land
industrial_region/845.jpg,industrial_region
industrial_region/1019.jpg,industrial_region
farm_land/638.jpg,farm_land
parking_lot/2655.jpg,parking_lot
farm_land/511.jpg,farm_land
forest/1791.jpg,forest
forest/1853.jpg,forest
river_lake/1544.jpg,river_lake
grass_land/134.jpg,grass_land
grass_land/39.jpg,grass_land
industrial_region/1010.jpg,industrial_region
grass_land/230.jpg,grass_land
farm_land/705.jpg,farm_land
parking_lot/2637.jpg,parking_lot
forest/1810.jpg,forest
farm_land/516.jpg,farm_land
parking_lot/2413.jpg,parking_lot
forest/1780.jpg,forest
river_lake/1525.jpg,river_lake
residential_region/2116.jpg,residential_region
parking_lot/2498.jpg,parking_lot
grass_land/363.jpg,grass_land
grass_land/338.jpg,grass_land
forest/1777.jpg,forest
residential_region/2278.jpg,residential_region
forest/1996.jpg,forest
grass_land/21.jpg,grass_land
parking_lot/2465.jpg,parking_lot
parking_lot/2635.jpg,parking_lot
grass_land/152.jpg,grass_land
grass_land/215.jpg,grass_land
parking_lot/2403.jpg,parking_lot
industrial_region/961.jpg,industrial_region
industrial_region/1163.jpg,industrial_region
river_lake/1430.jpg,river_lake
parking_lot/2711.jpg,parking_lot
grass_land/86.jpg,grass_land
residential_region/2257.jpg,residential_region
forest/1697.jpg,forest
residential_region/2353.jpg,residential_region
grass_land/389.jpg,grass_land
residential_region/2363.jpg,residential_region
forest/1954.jpg,forest
parking_lot/2619.jpg,parking_lot
residential_region/2284.jpg,residential_region
grass_land/259.jpg,grass_land
river_lake/1300.jpg,river_lake
residential_region/2372.jpg,residential_region
grass_land/375.jpg,grass_land
grass_land/342.jpg,grass_land
industrial_region/1064.jpg,industrial_region
parking_lot/2526.jpg,parking_lot
forest/1627.jpg,forest
residential_region/2351.jpg,residential_region
grass_land/3.jpg,grass_land
farm_land/719.jpg,farm_land
farm_land/645.jpg,farm_land
grass_land/345.jpg,grass_land
forest/1858.jpg,forest
river_lake/1339.jpg,river_lake
river_lake/1552.jpg,river_lake
grass_land/69.jpg,grass_land
parking_lot/2756.jpg,parking_lot
forest/1863.jpg,forest
farm_land/637.jpg,farm_land
farm_land/790.jpg,farm_land
residential_region/2120.jpg,residential_region
river_lake/1322.jpg,river_lake
forest/1633.jpg,forest
farm_land/566.jpg,farm_land
forest/1922.jpg,forest
farm_land/416.jpg,farm_land
grass_land/318.jpg,grass_land
river_lake/1315.jpg,river_lake
grass_land/377.jpg,grass_land
grass_land/359.jpg,grass_land
grass_land/91.jpg,grass_land
grass_land/157.jpg,grass_land
farm_land/572.jpg,farm_land
residential_region/2187.jpg,residential_region
parking_lot/2767.jpg,parking_lot
forest/1848.jpg,forest
farm_land/533.jpg,farm_land
parking_lot/2797.jpg,parking_lot
parking_lot/2501.jpg,parking_lot
river_lake/1499.jpg,river_lake
forest/1711.jpg,forest
forest/1851.jpg,forest
residential_region/2092.jpg,residential_region
parking_lot/2533.jpg,parking_lot
parking_lot/2597.jpg,parking_lot
forest/1931.jpg,forest
parking_lot/2483.jpg,parking_lot
grass_land/252.jpg,grass_land
farm_land/461.jpg,farm_land
residential_region/2141.jpg,residential_region
parking_lot/2612.jpg,parking_lot
farm_land/619.jpg,farm_land
industrial_region/1002.jpg,industrial_region
forest/1959.jpg,forest
forest/1778.jpg,forest
residential_region/2061.jpg,residential_region
river_lake/1471.jpg,river_lake
industrial_region/1161.jpg,industrial_region
forest/1630.jpg,forest
industrial_region/1005.jpg,industrial_region
farm_land/555.jpg,farm_land
parking_lot/2608.jpg,parking_lot
industrial_region/924.jpg,industrial_region
parking_lot/2716.jpg,parking_lot
industrial_region/948.jpg,industrial_region
industrial_region/971.jpg,industrial_region
residential_region/2147.jpg,residential_region
river_lake/1594.jpg,river_lake
parking_lot/2407.jpg,parking_lot
grass_land/107.jpg,grass_land
industrial_region/927.jpg,industrial_region
residential_region/2233.jpg,residential_region
industrial_region/930.jpg,industrial_region
river_lake/1247.jpg,river_lake
forest/1821.jpg,forest
forest/1682.jpg,forest
river_lake/1328.jpg,river_lake
forest/1787.jpg,forest
forest/1758.jpg,forest
farm_land/408.jpg,farm_land
residential_region/2307.jpg,residential_region
farm_land/756.jpg,farm_land
grass_land/199.jpg,grass_land
industrial_region/895.jpg,industrial_region
forest/1709.jpg,forest
farm_land/412.jpg,farm_land
residential_region/2084.jpg,residential_region
forest/1658.jpg,forest
industrial_region/968.jpg,industrial_region
forest/1732.jpg,forest
river_lake/1479.jpg,river_lake
industrial_region/1192.jpg,industrial_region
river_lake/1381.jpg,river_lake
river_lake/1418.jpg,river_lake
river_lake/1489.jpg,river_lake
farm_land/523.jpg,farm_land
parking_lot/2726.jpg,parking_lot
forest/1637.jpg,forest
forest/1790.jpg,forest
residential_region/2324.jpg,residential_region
parking_lot/2653.jpg,parking_lot
forest/1868.jpg,forest
river_lake/1579.jpg,river_lake
grass_land/48.jpg,grass_land
parking_lot/2481.jpg,parking_lot
forest/1657.jpg,forest
residential_region/2304.jpg,residential_region
farm_land/577.jpg,farm_land
grass_land/63.jpg,grass_land
parking_lot/2420.jpg,parking_lot
forest/1693.jpg,forest
residential_region/2030.jpg,residential_region
residential_region/2057.jpg,residential_region
farm_land/583.jpg,farm_land
industrial_region/1112.jpg,industrial_region
forest/1678.jpg,forest
residential_region/2235.jpg,residential_region
river_lake/1494.jpg,river_lake
industrial_region/907.jpg,industrial_region
industrial_region/978.jpg,industrial_region
industrial_region/936.jpg,industrial_region
parking_lot/2594.jpg,parking_lot
industrial_region/1176.jpg,industrial_region
river_lake/1401.jpg,river_lake
parking_lot/2670.jpg,parking_lot
farm_land/427.jpg,farm_land
industrial_region/1119.jpg,industrial_region
grass_land/47.jpg,grass_land
river_lake/1540.jpg,river_lake
forest/1982.jpg,forest
residential_region/2397.jpg,residential_region
farm_land/698.jpg,farm_land
grass_land/239.jpg,grass_land
parking_lot/2669.jpg,parking_lot
farm_land/743.jpg,farm_land
grass_land/231.jpg,grass_land
parking_lot/2773.jpg,parking_lot
parking_lot/2523.jpg,parking_lot
river_lake/1398.jpg,river_lake
parking_lot/2511.jpg,parking_lot
residential_region/2003.jpg,residential_region
forest/1885.jpg,forest
industrial_region/957.jpg,industrial_region
river_lake/1237.jpg,river_lake
river_lake/1503.jpg,river_lake
river_lake/1375.jpg,river_lake
grass_land/249.jpg,grass_land
river_lake/1538.jpg,river_lake
forest/1924.jpg,forest
river_lake/1357.jpg,river_lake
parking_lot/2477.jpg,parking_lot
river_lake/1343.jpg,river_lake
grass_land/220.jpg,grass_land
parking_lot/2458.jpg,parking_lot
grass_land/73.jpg,grass_land
farm_land/739.jpg,farm_land
river_lake/1296.jpg,river_lake
forest/1904.jpg,forest
farm_land/778.jpg,farm_land
farm_land/467.jpg,farm_land
grass_land/70.jpg,grass_land
parking_lot/2622.jpg,parking_lot
forest/1741.jpg,forest
grass_land/367.jpg,grass_land
industrial_region/1155.jpg,industrial_region
farm_land/667.jpg,farm_land
residential_region/2167.jpg,residential_region
industrial_region/1140.jpg,industrial_region
grass_land/80.jpg,grass_land
residential_region/2359.jpg,residential_region
industrial_region/1127.jpg,industrial_region
farm_land/466.jpg,farm_land
forest/1860.jpg,forest
parking_lot/2795.jpg,parking_lot
river_lake/1498.jpg,river_lake
industrial_region/1182.jpg,industrial_region
industrial_region/858.jpg,industrial_region
parking_lot/2560.jpg,parking_lot
river_lake/1240.jpg,river_lake
forest/1994.jpg,forest
parking_lot/2725.jpg,parking_lot
parking_lot/2550.jpg,parking_lot
grass_land/158.jpg,grass_land
residential_region/2220.jpg,residential_region
farm_land/734.jpg,farm_land
grass_land/62.jpg,grass_land
farm_land/682.jpg,farm_land
residential_region/2055.jpg,residential_region
residential_region/2029.jpg,residential_region
industrial_region/977.jpg,industrial_region
parking_lot/2758.jpg,parking_lot
parking_lot/2718.jpg,parking_lot
residential_region/2038.jpg,residential_region
parking_lot/2585.jpg,parking_lot
industrial_region/1017.jpg,industrial_region
farm_land/438.jpg,farm_land
forest/1838.jpg,forest
residential_region/2285.jpg,residential_region
farm_land/706.jpg,farm_land
farm_land/610.jpg,farm_land
grass_land/396.jpg,grass_land
residential_region/2201.jpg,residential_region
industrial_region/1138.jpg,industrial_region
forest/1800.jpg,forest
farm_land/775.jpg,farm_land
residential_region/2382.jpg,residential_region
forest/1624.jpg,forest
grass_land/41.jpg,grass_land
parking_lot/2775.jpg,parking_lot
river_lake/1235.jpg,river_lake
river_lake/1484.jpg,river_lake
residential_region/2212.jpg,residential_region
residential_region/2384.jpg,residential_region
grass_land/190.jpg,grass_land
forest/1906.jpg,forest
forest/1985.jpg,forest
industrial_region/1075.jpg,industrial_region
residential_region/2393.jpg,residential_region
forest/1811.jpg,forest
forest/1963.jpg,forest
river_lake/1260.jpg,river_lake
forest/1908.jpg,forest
farm_land/681.jpg,farm_land
river_lake/1280.jpg,river_lake
grass_land/58.jpg,grass_land
industrial_region/966.jpg,industrial_region
industrial_region/954.jpg,industrial_region
forest/1850.jpg,forest
farm_land/731.jpg,farm_land
parking_lot/2604.jpg,parking_lot
forest/1770.jpg,forest
industrial_region/1191.jpg,industrial_region
grass_land/378.jpg,grass_land
forest/1953.jpg,forest
residential_region/2293.jpg,residential_region
industrial_region/938.jpg,industrial_region
forest/1837.jpg,forest
residential_region/2316.jpg,residential_region
industrial_region/917.jpg,industrial_region
parking_lot/2643.jpg,parking_lot
parking_lot/2454.jpg,parking_lot
industrial_region/872.jpg,industrial_region
industrial_region/1073.jpg,industrial_region
river_lake/1391.jpg,river_lake
residential_region/2027.jpg,residential_region
parking_lot/2599.jpg,parking_lot
river_lake/1344.jpg,river_lake
farm_land/685.jpg,farm_land
residential_region/2241.jpg,residential_region
parking_lot/2551.jpg,parking_lot
residential_region/2155.jpg,residential_region
farm_land/565.jpg,farm_land
river_lake/1216.jpg,river_lake
river_lake/1493.jpg,river_lake
grass_land/46.jpg,grass_land
river_lake/1269.jpg,river_lake
farm_land/493.jpg,farm_land
river_lake/1285.jpg,river_lake
forest/1952.jpg,forest
industrial_region/832.jpg,industrial_region
farm_land/660.jpg,farm_land
farm_land/643.jpg,farm_land
parking_lot/2434.jpg,parking_lot
forest/1914.jpg,forest
farm_land/484.jpg,farm_land
forest/1623.jpg,forest
industrial_region/909.jpg,industrial_region
farm_land/423.jpg,farm_land
industrial_region/1178.jpg,industrial_region
grass_land/92.jpg,grass_land
river_lake/1243.jpg,river_lake
residential_region/2214.jpg,residential_region
farm_land/437.jpg,farm_land
grass_land/398.jpg,grass_land
industrial_region/831.jpg,industrial_region
parking_lot/2638.jpg,parking_lot
residential_region/2309.jpg,residential_region
river_lake/1440.jpg,river_lake
industrial_region/1072.jpg,industrial_region
parking_lot/2682.jpg,parking_lot
farm_land/644.jpg,farm_land
river_lake/1465.jpg,river_lake
parking_lot/2692.jpg,parking_lot
parking_lot/2734.jpg,parking_lot
farm_land/458.jpg,farm_land
river_lake/1261.jpg,river_lake
parking_lot/2650.jpg,parking_lot
parking_lot/2469.jpg,parking_lot
river_lake/1539.jpg,river_lake
industrial_region/960.jpg,industrial_region
grass_land/347.jpg,grass_land
farm_land/627.jpg,farm_land
farm_land/699.jpg,farm_land
parking_lot/2626.jpg,parking_lot
river_lake/1369.jpg,river_lake
river_lake/1502.jpg,river_lake
forest/1698.jpg,forest
residential_region/2090.jpg,residential_region
forest/1807.jpg,forest
forest/1677.jpg,forest
grass_land/43.jpg,grass_land
river_lake/1464.jpg,river_lake
industrial_region/1137.jpg,industrial_region
industrial_region/846.jpg,industrial_region
grass_land/138.jpg,grass_land
grass_land/397.jpg,grass_land
grass_land/176.jpg,grass_land
river_lake/1450.jpg,river_lake
grass_land/161.jpg,grass_land
grass_land/242.jpg,grass_land
grass_land/84.jpg,grass_land
parking_lot/2691.jpg,parking_lot
industrial_region/1190.jpg,industrial_region
grass_land/72.jpg,grass_land
farm_land/592.jpg,farm_land
residential_region/2070.jpg,residential_region
residential_region/2082.jpg,residential_region
grass_land/394.jpg,grass_land
farm_land/771.jpg,farm_land
grass_land/8.jpg,grass_land
farm_land/506.jpg,farm_land
grass_land/177.jpg,grass_land
parking_lot/2451.jpg,parking_lot
industrial_region/942.jpg,industrial_region
residential_region/2044.jpg,residential_region
grass_land/110.jpg,grass_land
industrial_region/937.jpg,industrial_region
forest/1899.jpg,forest
river_lake/1376.jpg,river_lake
residential_region/2023.jpg,residential_region
grass_land/282.jpg,grass_land
river_lake/1298.jpg,river_lake
forest/1927.jpg,forest
parking_lot/2611.jpg,parking_lot
forest/1706.jpg,forest
residential_region/2371.jpg,residential_region
forest/1651.jpg,forest
river_lake/1449.jpg,river_lake
farm_land/748.jpg,farm_land
residential_region/2025.jpg,residential_region
industrial_region/878.jpg,industrial_region
river_lake/1405.jpg,river_lake
river_lake/1458.jpg,river_lake
industrial_region/1069.jpg,industrial_region
residential_region/2188.jpg,residential_region
industrial_region/803.jpg,industrial_region
grass_land/100.jpg,grass_land
industrial_region/1030.jpg,industrial_region
forest/1887.jpg,forest
parking_lot/2668.jpg,parking_lot
river_lake/1250.jpg,river_lake
residential_region/2182.jpg,residential_region
river_lake/1411.jpg,river_lake
farm_land/599.jpg,farm_land
residential_region/2228.jpg,residential_region
farm_land/498.jpg,farm_land
forest/1843.jpg,forest
river_lake/1288.jpg,river_lake
river_lake/1545.jpg,river_lake
parking_lot/2785.jpg,parking_lot
forest/1625.jpg,forest
residential_region/2358.jpg,residential_region
parking_lot/2625.jpg,parking_lot
farm_land/537.jpg,farm_land
industrial_region/899.jpg,industrial_region
forest/1867.jpg,forest
residential_region/2264.jpg,residential_region
residential_region/2072.jpg,residential_region
parking_lot/2580.jpg,parking_lot
forest/1815.jpg,forest
parking_lot/2467.jpg,parking_lot
parking_lot/2463.jpg,parking_lot
farm_land/540.jpg,farm_land
forest/1753.jpg,forest
residential_region/2156.jpg,residential_region
river_lake/1433.jpg,river_lake
residential_region/2292.jpg,residential_region
grass_land/54.jpg,grass_land
farm_land/604.jpg,farm_land
residential_region/2059.jpg,residential_region
parking_lot/2452.jpg,parking_lot
industrial_region/1117.jpg,industrial_region
river_lake/1434.jpg,river_lake
river_lake/1512.jpg,river_lake
forest/1648.jpg,forest
residential_region/2395.jpg,residential_region
grass_land/235.jpg,grass_land
grass_land/368.jpg,grass_land
residential_region/2386.jpg,residential_region
parking_lot/2591.jpg,parking_lot
industrial_region/876.jpg,industrial_region
residential_region/2104.jpg,residential_region
grass_land/146.jpg,grass_land
parking_lot/2440.jpg,parking_lot
grass_land/76.jpg,grass_land
grass_land/207.jpg,grass_land
farm_land/688.jpg,farm_land
industrial_region/1181.jpg,industrial_region
forest/1644.jpg,forest
farm_land/716.jpg,farm_land
residential_region/2354.jpg,residential_region
river_lake/1500.jpg,river_lake
river_lake/1252.jpg,river_lake
farm_land/727.jpg,farm_land
residential_region/2159.jpg,residential_region
forest/1660.jpg,forest
industrial_region/970.jpg,industrial_region
industrial_region/849.jpg,industrial_region
forest/1884.jpg,forest
river_lake/1309.jpg,river_lake
parking_lot/2634.jpg,parking_lot
residential_region/2209.jpg,residential_region
farm_land/545.jpg,farm_land
farm_land/522.jpg,farm_land
residential_region/2364.jpg,residential_region
farm_land/722.jpg,farm_land
residential_region/2119.jpg,residential_region
grass_land/74.jpg,grass_land
parking_lot/2453.jpg,parking_lot
parking_lot/2641.jpg,parking_lot
farm_land/472.jpg,farm_land
river_lake/1487.jpg,river_lake
parking_lot/2428.jpg,parking_lot
river_lake/1447.jpg,river_lake
forest/1917.jpg,forest
industrial_region/965.jpg,industrial_region
farm_land/620.jpg,farm_land
parking_lot/2476.jpg,parking_lot
river_lake/1286.jpg,river_lake
river_lake/1256.jpg,river_lake
parking_lot/2790.jpg,parking_lot
residential_region/2126.jpg,residential_region
forest/1902.jpg,forest
grass_land/135.jpg,grass_land
parking_lot/2765.jpg,parking_lot
forest/1727.jpg,forest
forest/1854.jpg,forest
forest/1764.jpg,forest
parking_lot/2540.jpg,parking_lot
industrial_region/902.jpg,industrial_region
residential_region/2261.jpg,residential_region
parking_lot/2689.jpg,parking_lot
forest/1702.jpg,forest
industrial_region/862.jpg,industrial_region
grass_land/287.jpg,grass_land
forest/1956.jpg,forest
farm_land/711.jpg,farm_land
grass_land/193.jpg,grass_land
farm_land/796.jpg,farm_land
farm_land/639.jpg,farm_land
forest/1861.jpg,forest
forest/1716.jpg,forest
parking_lot/2676.jpg,parking_lot
industrial_region/812.jpg,industrial_region
farm_land/476.jpg,farm_land
industrial_region/1089.jpg,industrial_region
grass_land/364.jpg,grass_land
farm_land/640.jpg,farm_land
farm_land/528.jpg,farm_land
residential_region/2391.jpg,residential_region
farm_land/792.jpg,farm_land
industrial_region/1150.jpg,industrial_region
farm_land/441.jpg,farm_land
industrial_region/873.jpg,industrial_region
grass_land/147.jpg,grass_land
industrial_region/991.jpg,industrial_region
parking_lot/2507.jpg,parking_lot
industrial_region/1047.jpg,industrial_region
residential_region/2031.jpg,residential_region
grass_land/195.jpg,grass_land
residential_region/2058.jpg,residential_region
parking_lot/2651.jpg,parking_lot
river_lake/1470.jpg,river_lake
farm_land/679.jpg,farm_land
forest/1743.jpg,forest
residential_region/2317.jpg,residential_region
parking_lot/2792.jpg,parking_lot
parking_lot/2673.jpg,parking_lot
farm_land/401.jpg,farm_land
forest/1659.jpg,forest
industrial_region/857.jpg,industrial_region
farm_land/605.jpg,farm_land
forest/1826.jpg,forest
residential_region/2302.jpg,residential_region
parking_lot/2474.jpg,parking_lot
river_lake/1281.jpg,river_lake
forest/1730.jpg,forest
residential_region/2365.jpg,residential_region
farm_land/773.jpg,farm_land
parking_lot/2545.jpg,parking_lot
river_lake/1522.jpg,river_lake
forest/1971.jpg,forest
parking_lot/2505.jpg,parking_lot
forest/1864.jpg,forest
parking_lot/2446.jpg,parking_lot
river_lake/1537.jpg,river_lake
forest/1970.jpg,forest
industrial_region/1076.jpg,industrial_region
farm_land/712.jpg,farm_land
farm_land/603.jpg,farm_land
river_lake/1265.jpg,river_lake
grass_land/49.jpg,grass_land
farm_land/510.jpg,farm_land
residential_region/2345.jpg,residential_region
forest/1989.jpg,forest
river_lake/1548.jpg,river_lake
forest/1803.jpg,forest
farm_land/406.jpg,farm_land
parking_lot/2793.jpg,parking_lot
forest/1929.jpg,forest
residential_region/2318.jpg,residential_region
parking_lot/2694.jpg,parking_lot
farm_land/574.jpg,farm_land
river_lake/1390.jpg,river_lake
forest/1734.jpg,forest
farm_land/609.jpg,farm_land
industrial_region/888.jpg,industrial_region
farm_land/535.jpg,farm_land
farm_land/403.jpg,farm_land
residential_region/2024.jpg,residential_region
parking_lot/2503.jpg,parking_lot
river_lake/1432.jpg,river_lake
river_lake/1468.jpg,river_lake
residential_region/2266.jpg,residential_region
farm_land/684.jpg,farm_land
farm_land/570.jpg,farm_land
river_lake/1460.jpg,river_lake
industrial_region/904.jpg,industrial_region
residential_region/2396.jpg,residential_region
parking_lot/2445.jpg,parking_lot
industrial_region/1171.jpg,industrial_region
residential_region/2308.jpg,residential_region
grass_land/151.jpg,grass_land
farm_land/662.jpg,farm_land
river_lake/1507.jpg,river_lake
residential_region/2127.jpg,residential_region
river_lake/1334.jpg,river_lake
residential_region/2016.jpg,residential_region
residential_region/2166.jpg,residential_region
industrial_region/848.jpg,industrial_region
farm_land/421.jpg,farm_land
residential_region/2298.jpg,residential_region
residential_region/2140.jpg,residential_region
grass_land/188.jpg,grass_land
farm_land/614.jpg,farm_land
farm_land/749.jpg,farm_land
industrial_region/1038.jpg,industrial_region
forest/1961.jpg,forest
river_lake/1353.jpg,river_lake
forest/1609.jpg,forest
river_lake/1397.jpg,river_lake
forest/1735.jpg,forest
forest/1636.jpg,forest
forest/1635.jpg,forest
industrial_region/901.jpg,industrial_region
residential_region/2253.jpg,residential_region
forest/1701.jpg,forest
forest/1820.jpg,forest
grass_land/129.jpg,grass_land
industrial_region/1065.jpg,industrial_region
river_lake/1480.jpg,river_lake
industrial_region/964.jpg,industrial_region
parking_lot/2627.jpg,parking_lot
industrial_region/993.jpg,industrial_region
parking_lot/2745.jpg,parking_lot
parking_lot/2518.jpg,parking_lot
industrial_region/950.jpg,industrial_region
parking_lot/2553.jpg,parking_lot
river_lake/1514.jpg,river_lake
forest/1977.jpg,forest
parking_lot/2796.jpg,parking_lot
farm_land/786.jpg,farm_land
residential_region/2014.jpg,residential_region
river_lake/1437.jpg,river_lake
farm_land/549.jpg,farm_land
forest/1944.jpg,forest
farm_land/725.jpg,farm_land
river_lake/1355.jpg,river_lake
residential_region/2367.jpg,residential_region
farm_land/668.jpg,farm_land
river_lake/1459.jpg,river_lake
residential_region/2288.jpg,residential_region
river_lake/1335.jpg,river_lake
parking_lot/2772.jpg,parking_lot
residential_region/2211.jpg,residential_region
grass_land/93.jpg,grass_land
river_lake/1402.jpg,river_lake
grass_land/351.jpg,grass_land
forest/1955.jpg,forest
farm_land/496.jpg,farm_land
residential_region/2224.jpg,residential_region
river_lake/1420.jpg,river_lake
residential_region/2064.jpg,residential_region
industrial_region/1196.jpg,industrial_region
river_lake/1368.jpg,river_lake
river_lake/1385.jpg,river_lake
parking_lot/2664.jpg,parking_lot
residential_region/2329.jpg,residential_region
river_lake/1515.jpg,river_lake
forest/1893.jpg,forest
industrial_region/1121.jpg,industrial_region
forest/1673.jpg,forest
residential_region/2139.jpg,residential_region
river_lake/1310.jpg,river_lake
farm_land/543.jpg,farm_land
residential_region/2184.jpg,residential_region
residential_region/2041.jpg,residential_region
industrial_region/926.jpg,industrial_region
river_lake/1314.jpg,river_lake
grass_land/34.jpg,grass_land
farm_land/492.jpg,farm_land
industrial_region/1165.jpg,industrial_region
river_lake/1451.jpg,river_lake
river_lake/1284.jpg,river_lake
industrial_region/912.jpg,industrial_region
grass_land/104.jpg,grass_land
industrial_region/813.jpg,industrial_region
farm_land/607.jpg,farm_land
grass_land/384.jpg,grass_land
grass_land/83.jpg,grass_land
grass_land/116.jpg,grass_land
forest/1655.jpg,forest
farm_land/772.jpg,farm_land
industrial_region/860.jpg,industrial_region
forest/1981.jpg,forest
farm_land/573.jpg,farm_land
residential_region/2099.jpg,residential_region
farm_land/686.jpg,farm_land
industrial_region/1104.jpg,industrial_region
industrial_region/844.jpg,industrial_region
river_lake/1520.jpg,river_lake
river_lake/1438.jpg,river_lake
forest/1938.jpg,forest
parking_lot/2648.jpg,parking_lot
parking_lot/2766.jpg,parking_lot
grass_land/142.jpg,grass_land
residential_region/2369.jpg,residential_region
parking_lot/2421.jpg,parking_lot
farm_land/655.jpg,farm_land
farm_land/520.jpg,farm_land
grass_land/298.jpg,grass_land
residential_region/2276.jpg,residential_region
industrial_region/1130.jpg,industrial_region
farm_land/636.jpg,farm_land
forest/1957.jpg,forest
farm_land/563.jpg,farm_land
residential_region/2305.jpg,residential_region
parking_lot/2515.jpg,parking_lot
residential_region/2128.jpg,residential_region
forest/1642.jpg,forest
grass_land/149.jpg,grass_land
industrial_region/850.jpg,industrial_region
parking_lot/2495.jpg,parking_lot
river_lake/1511.jpg,river_lake
river_lake/1457.jpg,river_lake
grass_land/325.jpg,grass_land
residential_region/2100.jpg,residential_region
industrial_region/1009.jpg,industrial_region
farm_land/758.jpg,farm_land
residential_region/2222.jpg,residential_region
forest/1880.jpg,forest
grass_land/273.jpg,grass_land
industrial_region/894.jpg,industrial_region
residential_region/2208.jpg,residential_region
industrial_region/1027.jpg,industrial_region
river_lake/1203.jpg,river_lake
parking_lot/2417.jpg,parking_lot
grass_land/341.jpg,grass_land
residential_region/2079.jpg,residential_region
grass_land/361.jpg,grass_land
farm_land/569.jpg,farm_land
grass_land/391.jpg,grass_land
residential_region/2311.jpg,residential_region
grass_land/164.jpg,grass_land
industrial_region/983.jpg,industrial_region
industrial_region/853.jpg,industrial_region
grass_land/247.jpg,grass_land
industrial_region/981.jpg,industrial_region
river_lake/1482.jpg,river_lake
parking_lot/2479.jpg,parking_lot
grass_land/27.jpg,grass_land
farm_land/503.jpg,farm_land
farm_land/613.jpg,farm_land
river_lake/1253.jpg,river_lake
grass_land/312.jpg,grass_land
parking_lot/2675.jpg,parking_lot
residential_region/2022.jpg,residential_region
river_lake/1598.jpg,river_lake
residential_region/2252.jpg,residential_region
industrial_region/1124.jpg,industrial_region
industrial_region/816.jpg,industrial_region
grass_land/165.jpg,grass_land
river_lake/1329.jpg,river_lake
farm_land/594.jpg,farm_land
forest/1664.jpg,forest
forest/1808.jpg,forest
farm_land/703.jpg,farm_land
forest/1683.jpg,forest
farm_land/552.jpg,farm_land
industrial_region/951.jpg,industrial_region
residential_region/2177.jpg,residential_region
farm_land/785.jpg,farm_land
farm_land/468.jpg,farm_land
parking_lot/2532.jpg,parking_lot
forest/1747.jpg,forest
industrial_region/1003.jpg,industrial_region
river_lake/1448.jpg,river_lake
parking_lot/2701.jpg,parking_lot
forest/1916.jpg,forest
residential_region/2289.jpg,residential_region
forest/1856.jpg,forest
forest/1839.jpg,forest
river_lake/1359.jpg,river_lake
industrial_region/1105.jpg,industrial_region
residential_region/2136.jpg,residential_region
river_lake/1593.jpg,river_lake
residential_region/2081.jpg,residential_region
forest/1847.jpg,forest
industrial_region/821.jpg,industrial_region
farm_land/532.jpg,farm_land
industrial_region/1167.jpg,industrial_region
forest/1835.jpg,forest
forest/1619.jpg,forest
industrial_region/1039.jpg,industrial_region
forest/1771.jpg,forest
farm_land/413.jpg,farm_land
grass_land/126.jpg,grass_land
parking_lot/2647.jpg,parking_lot
grass_land/271.jpg,grass_land
parking_lot/2423.jpg,parking_lot
farm_land/720.jpg,farm_land
river_lake/1264.jpg,river_lake
forest/1722.jpg,forest
grass_land/178.jpg,grass_land
forest/1832.jpg,forest
grass_land/304.jpg,grass_land
forest/1876.jpg,forest
farm_land/598.jpg,farm_land
river_lake/1478.jpg,river_lake
forest/1696.jpg,forest
parking_lot/2738.jpg,parking_lot
grass_land/45.jpg,grass_land
river_lake/1486.jpg,river_lake
forest/1965.jpg,forest
parking_lot/2617.jpg,parking_lot
river_lake/1225.jpg,river_lake
residential_region/2170.jpg,residential_region
forest/1724.jpg,forest
parking_lot/2461.jpg,parking_lot
farm_land/529.jpg,farm_land
grass_land/284.jpg,grass_land
farm_land/501.jpg,farm_land
farm_land/434.jpg,farm_land
industrial_region/1023.jpg,industrial_region
river_lake/1227.jpg,river_lake
industrial_region/922.jpg,industrial_region
farm_land/425.jpg,farm_land
parking_lot/2486.jpg,parking_lot
river_lake/1364.jpg,river_lake
river_lake/1295.jpg,river_lake
residential_region/2032.jpg,residential_region
farm_land/794.jpg,farm_land
farm_land/787.jpg,farm_land
forest/1882.jpg,forest
farm_land/742.jpg,farm_land
grass_land/262.jpg,grass_land
farm_land/551.jpg,farm_land
grass_land/101.jpg,grass_land
parking_lot/2629.jpg,parking_lot
grass_land/67.jpg,grass_land
industrial_region/1096.jpg,industrial_region
river_lake/1388.jpg,river_lake
residential_region/2191.jpg,residential_region
grass_land/278.jpg,grass_land
parking_lot/2579.jpg,parking_lot
river_lake/1384.jpg,river_lake
industrial_region/1194.jpg,industrial_region
residential_region/2291.jpg,residential_region
parking_lot/2631.jpg,parking_lot
river_lake/1410.jpg,river_lake
grass_land/186.jpg,grass_land
grass_land/330.jpg,grass_land
parking_lot/2502.jpg,parking_lot
parking_lot/2698.jpg,parking_lot
residential_region/2183.jpg,residential_region
forest/1604.jpg,forest
farm_land/445.jpg,farm_land
residential_region/2245.jpg,residential_region
industrial_region/1189.jpg,industrial_region
grass_land/88.jpg,grass_land
grass_land/166.jpg,grass_land
forest/1756.jpg,forest
industrial_region/1120.jpg,industrial_region
residential_region/2223.jpg,residential_region
parking_lot/2733.jpg,parking_lot
forest/1725.jpg,forest
parking_lot/2492.jpg,parking_lot
industrial_region/1013.jpg,industrial_region
forest/1809.jpg,forest
industrial_region/1042.jpg,industrial_region
forest/1801.jpg,forest
residential_region/2297.jpg,residential_region
forest/1845.jpg,forest
